# {"t_start": 1755905234.2610002, "env_id": "graff-v0"} 
r,obj_lift,obj_grab,l,t
54.579028,0.0,0.0,200,64.413293
45.069839,0.0,0.0,200,120.226047
39.954067,0.0,0.0,200,176.546518
33.528623,0.0,0.0,200,230.798043
43.84113,0.0,0.0,200,285.777826
51.759209,0.0,0.0,200,369.178482
43.354177,0.0,0.0,200,449.632174
43.292811,0.0,0.0,200,531.993001
62.630615,0.0,0.0,200,613.112531
70.520156,0.0,0.0,200,694.189232
72.759541,0.0,0.0,200,772.819361
128.659465,0.0,0.0,200,852.015881
131.57671,0.0,0.0,200,928.510519
143.779506,0.0,0.0,200,1003.60659
52.157779,0.0,0.0,200,1079.188717
128.350761,0.0,0.0,200,1155.004784
68.516213,0.0,0.0,200,1229.617572
154.194584,0.0,0.0,200,1305.623495
71.862916,0.0,0.0,200,1380.323828
164.114793,0.0,0.0,200,1454.740193
171.656984,0.0,0.0,200,1533.347088
175.223723,0.0,0.0,200,1609.720962
167.128709,0.0,0.0,200,1685.444741
177.380179,0.0,0.0,200,1762.044729
79.527642,0.0,0.0,200,1837.802745
92.078818,0.0,0.0,200,1913.275791
172.623526,0.0,0.0,200,1987.918293
63.892687,0.0,0.0,200,2065.938523
47.592906,0.0,0.0,200,2142.338013
167.644706,0.0,0.0,200,2219.285482
180.892609,0.0,0.0,200,2296.420403
171.347135,0.0,0.0,200,2371.725625
178.506792,0.0,0.0,200,2447.81994
45.340077,0.0,0.0,200,2524.383432
177.391108,0.0,0.0,200,2600.70001
182.070925,0.0,0.0,200,2677.576475
177.521303,0.0,0.0,200,2753.056235
113.816868,0.0,0.0,200,2823.528479
191.690811,0.0,0.0,200,2893.796186
188.365486,0.0,0.0,200,2964.207663
172.188318,0.0,0.0,200,3036.222089
200.290747,0.0,0.0,200,3107.538577
201.71292,0.0,0.0,200,3179.284969
187.907966,0.0,0.0,200,3255.922094
196.698176,0.0,0.0,200,3329.1295
183.614336,0.0,0.0,200,3398.544295
195.423566,0.0,0.0,200,3471.08416
182.652394,0.0,0.0,200,3542.734617
82.152331,0.0,0.0,200,3614.199639
194.310763,0.0,0.0,200,3685.926655
55.627032,0.0,0.0,200,3756.052192
197.880148,0.0,0.0,200,3829.804014
196.710898,0.0,0.0,200,3899.814278
192.702343,0.0,0.0,200,3973.923266
185.668726,0.0,0.0,200,4046.323358
197.615078,0.0,0.0,200,4118.577429
39.867804,0.0,0.0,200,4191.139548
169.70113,0.0,0.0,200,4266.512218
151.174002,0.0,0.0,200,4337.077224
161.581427,0.0,0.0,200,4411.178487
145.526626,0.0,0.0,200,4482.236863
179.240341,0.0,0.0,200,4551.884251
183.182449,0.0,0.0,200,4624.59963
193.190331,0.0,0.0,200,4695.416884
188.486227,0.0,0.0,200,4765.790198
169.966141,0.0,0.0,200,4838.027452
172.360049,0.0,0.0,200,4908.928226
162.329804,0.0,0.0,200,4979.800466
34.080604,0.0,0.0,200,5055.818517
174.189858,0.0,0.0,200,5127.129222
169.861828,0.0,0.0,200,5198.490062
165.622899,0.0,0.0,200,5269.820159
195.258917,0.0,0.0,200,5339.018436
51.498025,0.0,0.0,200,5410.120193
204.793171,0.0,0.0,200,5479.902044
199.442847,0.0,0.0,200,5532.723285
59.770799,0.0,0.0,200,5580.326388
198.588942,0.0,0.0,200,5645.97897
188.906527,0.0,0.0,200,5698.527836
186.534297,0.0,0.0,200,5747.236491
202.754215,0.0,0.0,200,5795.920312
191.660742,0.0,0.0,200,5849.912076
175.010596,0.0,0.0,200,5916.817786
174.571784,0.0,0.0,200,5966.433046
193.889701,0.0,0.0,200,6022.689399
176.592028,0.0,0.0,200,6085.143293
191.345217,0.0,0.0,200,6146.097543
173.647953,0.0,0.0,200,6206.707092
137.915404,0.0,0.0,200,6254.200753
185.912226,0.0,0.0,200,6301.921008
199.656623,0.0,0.0,200,6352.009885
200.789463,0.0,0.0,200,6401.83829
178.352592,0.0,0.0,200,6455.408544
153.102533,0.0,0.0,200,6517.323236
191.910809,0.0,0.0,200,6579.526815
204.954378,0.0,0.0,200,6638.294679
196.416607,0.0,0.0,200,6707.511847
184.529161,0.0,0.0,200,6769.425259
182.773912,0.0,0.0,200,6825.435077
165.026606,0.0,0.0,200,6883.224443
198.23721,0.0,0.0,200,6930.232991
157.335106,0.0,0.0,200,6989.917996
193.363025,0.0,0.0,200,7057.310032
160.727075,0.0,0.0,200,7116.938058
183.983656,0.0,0.0,200,7181.989649
162.850536,0.0,0.0,200,7229.310007
189.167559,0.0,0.0,200,7284.531354
188.417373,0.0,0.0,200,7343.420115
134.629647,0.0,0.0,200,7392.033799
180.250499,0.0,0.0,200,7439.52709
197.84998,0.0,0.0,200,7506.876324
183.129488,0.0,0.0,200,7577.011238
210.321513,0.0,0.0,200,7648.032973
213.756377,0.0,0.0,200,7718.630269
199.901935,0.0,0.0,200,7771.156222
198.390234,0.0,0.0,200,7818.61635
193.989039,0.0,0.0,200,7880.025177
214.63784,0.0,0.0,200,7939.528782
154.192067,0.0,0.0,200,8003.940114
176.331208,0.0,0.0,200,8051.287413
175.778694,0.0,0.0,200,8099.674987
218.223345,0.0,0.0,200,8147.52715
212.494461,0.0,0.0,200,8194.0091
213.332974,0.0,0.0,200,8240.977805
202.676784,0.0,0.0,200,8299.724231
218.652782,0.0,0.0,200,8347.727608
208.80787,0.0,0.0,200,8409.424677
217.816629,0.0,0.0,200,8473.42833
198.225895,0.0,0.0,200,8526.727819
190.610439,0.0,0.0,200,8590.439527
220.645359,0.0,0.0,200,8639.493324
223.076201,0.0,0.0,200,8688.521438
207.23445,0.0,0.0,200,8754.526738
179.525576,0.0,0.0,200,8802.913473
213.537404,0.0,0.0,200,8850.233367
215.205419,0.0,0.0,200,8914.595929
219.712578,0.0,0.0,200,8971.993337
213.209236,0.0,0.0,200,9026.893106
206.63361,0.0,0.0,200,9075.808532
223.127779,0.0,0.0,200,9137.104363
196.176381,0.0,0.0,200,9195.537234
215.551113,0.0,0.0,200,9246.977453
201.697792,0.0,0.0,200,9294.513365
224.191837,0.0,0.0,200,9353.41812
201.153799,0.0,0.0,200,9422.125425
199.838621,0.0,0.0,200,9478.378675
223.823266,0.0,0.0,200,9525.126088
221.58989,0.0,0.0,200,9572.028115
215.635755,0.0,0.0,200,9633.008116
219.384262,0.0,0.0,200,9703.277992
219.29047,0.0,0.0,200,9776.487061
202.722915,0.0,0.0,200,9850.936226
197.245415,0.0,0.0,200,9924.224831
208.475093,0.0,0.0,200,9993.612129
216.71142,0.0,0.0,200,10065.08284
191.165066,0.0,0.0,200,10136.104304
215.728563,0.0,0.0,200,10206.015307
202.02246,0.0,0.0,200,10278.505935
201.989895,0.0,0.0,200,10350.119249
191.97516,0.0,0.0,200,10422.399534
182.724456,0.0,0.0,200,10494.500352
204.707635,0.0,0.0,200,10565.682477
215.214734,0.0,0.0,200,10636.715095
204.680248,0.0,0.0,200,10712.517851
191.802759,0.0,0.0,200,10787.777455
185.125773,0.0,0.0,200,10863.976403
204.534293,0.0,0.0,200,10938.728343
188.294224,0.0,0.0,200,11002.613579
208.343945,0.0,0.0,200,11053.149286
208.611695,0.0,0.0,200,11104.332206
199.490082,0.0,0.0,200,11166.412918
219.24669,0.0,0.0,200,11216.927388
204.973779,0.0,0.0,200,11280.048095
216.354972,0.0,0.0,200,11341.977314
195.32432,0.0,0.0,200,11408.943766
186.183562,0.0,0.0,200,11459.840268
199.80855,0.0,0.0,200,11520.08867
222.045326,0.0,0.0,200,11580.677042
193.770971,0.0,0.0,200,11634.422257
201.641665,0.0,0.0,200,11685.934678
188.156776,0.0,0.0,200,11742.930785
196.163976,0.0,0.0,200,11801.142982
221.849726,0.0,0.0,200,11857.515974
209.712575,0.0,0.0,200,11916.891873
218.689304,0.0,0.0,200,11981.914699
210.056051,0.0,0.0,200,12052.809053
205.093298,0.0,0.0,200,12103.825877
213.743023,0.0,0.0,200,12158.992492
222.24062,0.0,0.0,200,12230.682516
203.975636,0.0,0.0,200,12280.219615
214.720404,0.0,0.0,200,12330.2078
190.933716,0.0,0.0,200,12391.62359
200.858049,0.0,0.0,200,12449.289218
205.46636,0.0,0.0,200,12505.115583
212.358647,0.0,0.0,200,12570.013141
221.468857,0.0,0.0,200,12639.516609
206.198437,0.0,0.0,200,12700.406842
200.487455,0.0,0.0,200,12751.61957
214.804597,0.0,0.0,200,12803.737097
208.234449,0.0,0.0,200,12868.778124
199.631977,0.0,0.0,200,12934.028269
212.895311,0.0,0.0,200,12987.924605
220.102769,0.0,0.0,200,13038.608306
217.676024,0.0,0.0,200,13087.296236
192.773809,0.0,0.0,200,13137.039059
208.146126,0.0,0.0,200,13184.940847
221.552091,0.0,0.0,200,13237.226199
222.460129,0.0,0.0,200,13292.478416
219.700535,0.0,0.0,200,13356.11035
214.940238,0.0,0.0,200,13417.816202
197.800999,0.0,0.0,200,13472.429368
216.834079,0.0,0.0,200,13526.493055
213.774985,0.0,0.0,200,13577.208537
193.683111,0.0,0.0,200,13630.942176
213.136001,0.0,0.0,200,13688.423122
218.778661,0.0,0.0,200,13744.306346
218.689822,0.0,0.0,200,13803.518702
202.57272,0.0,0.0,200,13873.151399
215.166716,0.0,0.0,200,13921.633169
205.627177,0.0,0.0,200,13969.795223
202.396408,0.0,0.0,200,14023.00924
213.194451,0.0,0.0,200,14079.421338
219.91082,0.0,0.0,200,14138.806345
206.583348,0.0,0.0,200,14206.425326
208.075284,0.0,0.0,200,14263.283449
215.092681,0.0,0.0,200,14324.225322
215.772605,0.0,0.0,200,14373.712475
212.934483,0.0,0.0,200,14422.01205
194.059805,0.0,0.0,200,14481.900251
226.779269,0.0,0.0,200,14530.129719
202.513608,0.0,0.0,200,14578.127995
195.272522,0.0,0.0,200,14632.02178
214.170156,0.0,0.0,200,14679.689363
221.404991,0.0,0.0,200,14727.689492
217.497345,0.0,0.0,200,14778.104956
195.346038,0.0,0.0,200,14849.382054
209.331513,0.0,0.0,200,14923.424906
205.176241,0.0,0.0,200,14995.24072
208.08886,0.0,0.0,200,15064.887673
219.333123,0.0,0.0,200,15136.939277
206.373964,0.0,0.0,200,15209.244522
214.452468,0.0,0.0,200,15280.286233
219.813268,0.0,0.0,200,15352.187395
220.83608,0.0,0.0,200,15425.716343
215.892896,0.0,0.0,200,15498.195251
197.863002,0.0,0.0,200,15573.315649
212.860833,0.0,0.0,200,15648.495986
211.146211,0.0,0.0,200,15724.513523
211.241927,0.0,0.0,200,15798.542505
210.642939,0.0,0.0,200,15872.678893
210.342277,0.0,0.0,200,15946.908373
184.543059,0.0,0.0,200,16022.15568
209.516356,0.0,0.0,200,16097.628145
219.778028,0.0,0.0,200,16171.623013
218.507254,0.0,0.0,200,16247.176691
197.205851,0.0,0.0,200,16321.683579
211.665169,0.0,0.0,200,16397.124136
196.473048,0.0,0.0,200,16471.729803
202.476574,0.0,0.0,200,16547.385584
192.984329,0.0,0.0,200,16622.231663
211.705691,0.0,0.0,200,16696.738321
199.081167,0.0,0.0,200,16770.587965
209.165603,0.0,0.0,200,16846.125104
215.179759,0.0,0.0,200,16918.999976
224.813547,0.0,0.0,200,16970.719158
203.209285,0.0,0.0,200,17020.435686
219.736877,0.0,0.0,200,17086.49677
193.965135,0.0,0.0,200,17139.424742
219.214697,0.0,0.0,200,17200.008485
205.669959,0.0,0.0,200,17262.123289
202.794487,0.0,0.0,200,17319.1936
206.828563,0.0,0.0,200,17371.295953
221.987781,0.0,0.0,200,17423.72414
204.013195,0.0,0.0,200,17488.734575
198.375107,0.0,0.0,200,17543.876909
204.604835,0.0,0.0,200,17610.55128
200.298587,0.0,0.0,200,17661.02713
207.928004,0.0,0.0,200,17713.941204
217.731984,0.0,0.0,200,17775.812213
211.576578,0.0,0.0,200,17827.710442
218.614961,0.0,0.0,200,17886.406044
209.547916,0.0,0.0,200,17945.719648
220.129117,0.0,0.0,200,17999.31662
195.072657,0.0,0.0,200,18052.326988
208.638431,0.0,0.0,200,18115.979202
179.696636,0.0,0.0,200,18183.633974
211.520159,0.0,0.0,200,18236.902436
191.139104,0.0,0.0,200,18289.794515
219.122092,0.0,0.0,200,18344.003833
215.822601,0.0,0.0,200,18405.510238
218.289977,0.0,0.0,200,18461.016064
200.287098,0.0,0.0,200,18522.700402
179.772301,0.0,0.0,200,18592.346405
208.137333,0.0,0.0,200,18643.211757
208.296296,0.0,0.0,200,18706.211226
212.351648,0.0,0.0,200,18767.425944
216.534312,0.0,0.0,200,18842.438751
204.686911,0.0,0.0,200,18915.297482
194.481351,0.0,0.0,200,18986.613461
209.070815,0.0,0.0,200,19037.509936
218.971267,0.0,0.0,200,19087.322682
210.062488,0.0,0.0,200,19140.484326
204.641292,0.0,0.0,200,19194.636768
208.444361,0.0,0.0,200,19257.829651
220.419576,0.0,0.0,200,19316.718111
183.308608,0.0,0.0,200,19371.157002
204.956577,0.0,0.0,200,19427.38178
213.049788,0.0,0.0,200,19488.638464
218.19597,0.0,0.0,200,19538.614303
217.763395,0.0,0.0,200,19589.710401
196.741145,0.0,0.0,200,19648.613214
186.908826,0.0,0.0,200,19709.620061
187.616026,0.0,0.0,200,19768.64338
198.597973,0.0,0.0,200,19820.920976
222.476191,0.0,0.0,200,19885.32967
205.479144,0.0,0.0,200,19935.221256
201.060954,0.0,0.0,200,19987.878183
206.385946,0.0,0.0,200,20050.687686
216.069338,0.0,0.0,200,20105.394733
201.244503,0.0,0.0,200,20159.815052
222.755292,0.0,0.0,200,20213.529882
209.657092,0.0,0.0,200,20265.88667
194.623083,0.0,0.0,200,20329.584309
205.224058,0.0,0.0,200,20404.904209
219.338999,0.0,0.0,200,20479.59592
209.015766,0.0,0.0,200,20554.512932
191.161436,0.0,0.0,200,20628.421695
210.957976,0.0,0.0,200,20705.117915
197.844538,0.0,0.0,200,20779.512785
218.829571,0.0,0.0,200,20853.12177
195.124377,0.0,0.0,200,20929.442166
204.954235,0.0,0.0,200,21008.636951
218.741433,0.0,0.0,200,21081.893623
198.694035,0.0,0.0,200,21158.105741
205.495873,0.0,0.0,200,21234.976102
224.059221,0.0,0.0,200,21309.813344
213.110819,0.0,0.0,200,21385.213923
204.937015,0.0,0.0,200,21461.602137
212.854842,0.0,0.0,200,21538.213781
221.272832,0.0,0.0,200,21612.795084
220.222783,0.0,0.0,200,21689.2286
209.904927,0.0,0.0,200,21763.012604
218.542502,0.0,0.0,200,21837.510512
191.040815,0.0,0.0,200,21911.524617
216.803625,0.0,0.0,200,21986.988544
216.232061,0.0,0.0,200,22064.498994
193.554635,0.0,0.0,200,22137.724886
199.572463,0.0,0.0,200,22211.400804
223.691104,0.0,0.0,200,22286.530787
207.501782,0.0,0.0,200,22361.210952
209.501702,0.0,0.0,200,22436.588758
203.586996,0.0,0.0,200,22511.278713
213.639648,0.0,0.0,200,22584.613325
223.753837,0.0,0.0,200,22661.589967
220.091454,0.0,0.0,200,22733.601964
222.606124,0.0,0.0,200,22808.296164
216.600862,0.0,0.0,200,22881.925922
200.513598,0.0,0.0,200,22956.399848
207.779389,0.0,0.0,200,23032.506222
192.620259,0.0,0.0,200,23108.348452
217.525574,0.0,0.0,200,23185.585851
195.346741,0.0,0.0,200,23260.515365
203.990716,0.0,0.0,200,23336.011816
210.468092,0.0,0.0,200,23410.811956
221.37643,0.0,0.0,200,23487.00894
215.966812,0.0,0.0,200,23561.824545
206.404693,0.0,0.0,200,23637.822818
193.266473,0.0,0.0,200,23715.508147
219.090177,0.0,0.0,200,23791.73073
197.365665,0.0,0.0,200,23866.939473
222.55653,0.0,0.0,200,23942.102742
190.929996,0.0,0.0,200,24017.727021
194.871762,0.0,0.0,200,24090.914077
225.974059,0.0,0.0,200,24165.486563
191.804405,0.0,0.0,200,24241.114998
190.261521,0.0,0.0,200,24315.702485
207.801335,0.0,0.0,200,24381.629664
216.518197,0.0,0.0,200,24432.123755
195.582948,0.0,0.0,200,24483.802348
214.671219,0.0,0.0,200,24544.818489
220.612938,0.0,0.0,200,24603.935061
220.762187,0.0,0.0,200,24664.63794
198.460096,0.0,0.0,200,24724.813093
209.104713,0.0,0.0,200,24788.942019
204.398673,0.0,0.0,200,24845.82474
207.505193,0.0,0.0,200,24897.113538
205.824495,0.0,0.0,200,24950.101897
199.339909,0.0,0.0,200,25011.88693
215.027525,0.0,0.0,200,25071.111256
202.902737,0.0,0.0,200,25127.138468
194.860854,0.0,0.0,200,25181.01792
212.517587,0.0,0.0,200,25232.087919
220.418464,0.0,0.0,200,25285.504474
222.680136,0.0,0.0,200,25348.518059
200.213367,0.0,0.0,200,25410.400115
200.138884,0.0,0.0,200,25466.324497
193.17965,0.0,0.0,200,25524.107395
205.717125,0.0,0.0,200,25580.115802
216.672299,0.0,0.0,200,25630.378548
214.976919,0.0,0.0,200,25680.913779
221.236793,0.0,0.0,200,25754.506749
206.999175,0.0,0.0,200,25827.714656
196.891117,0.0,0.0,200,25902.714324
196.28937,0.0,0.0,200,25979.31579
195.630749,0.0,0.0,200,26052.994885
215.600409,0.0,0.0,200,26129.936644
227.066251,0.0,0.0,200,26205.115419
210.994076,0.0,0.0,200,26279.800656
214.98461,0.0,0.0,200,26353.691494
210.084623,0.0,0.0,200,26403.075803
212.342952,0.0,0.0,200,26454.20966
222.570553,0.0,0.0,200,26512.305999
215.605244,0.0,0.0,200,26562.426908
198.925803,0.0,0.0,200,26611.717883
197.962635,0.0,0.0,200,26662.608837
201.41618,0.0,0.0,200,26718.110548
220.273506,0.0,0.0,200,26780.80863
197.50416,0.0,0.0,200,26836.636493
201.681953,0.0,0.0,200,26890.677567
210.737424,0.0,0.0,200,26942.912451
217.209335,0.0,0.0,200,27001.722047
222.84683,0.0,0.0,200,27063.020699
208.082817,0.0,0.0,200,27120.794065
193.929512,0.0,0.0,200,27172.776465
207.29233,0.0,0.0,200,27235.184066
215.401941,0.0,0.0,200,27292.039541
215.92204,0.0,0.0,200,27346.115492
213.200876,0.0,0.0,200,27410.68634
188.596117,0.0,0.0,200,27472.539284
215.43922,0.0,0.0,200,27527.710705
201.492615,0.0,0.0,200,27579.473774
185.28811,0.0,0.0,200,27631.6789
199.224289,0.0,0.0,200,27701.73267
204.045737,0.0,0.0,200,27776.211999
197.544452,0.0,0.0,200,27851.087893
212.637938,0.0,0.0,200,27924.889502
194.086749,0.0,0.0,200,27998.626678
206.483538,0.0,0.0,200,28072.814407
201.276152,0.0,0.0,200,28147.330438
203.18897,0.0,0.0,200,28223.597487
214.226397,0.0,0.0,200,28299.310132
181.419621,0.0,0.0,200,28374.436073
202.895649,0.0,0.0,200,28449.824135
202.405112,0.0,0.0,200,28522.730953
210.966533,0.0,0.0,200,28597.305424
203.914779,0.0,0.0,200,28671.112322
208.21529,0.0,0.0,200,28748.02848
211.262537,0.0,0.0,200,28820.715412
202.616793,0.0,0.0,200,28886.299915
209.825172,0.0,0.0,200,28936.610604
188.847301,0.0,0.0,200,28989.081795
210.15735,0.0,0.0,200,29042.628754
215.747807,0.0,0.0,200,29101.821925
201.738234,0.0,0.0,200,29161.138518
191.782845,0.0,0.0,200,29221.579172
194.314989,0.0,0.0,200,29280.918449
217.711368,0.0,0.0,200,29338.814694
203.50608,0.0,0.0,200,29397.008063
208.525405,0.0,0.0,200,29447.992582
218.338873,0.0,0.0,200,29499.982957
195.18318,0.0,0.0,200,29558.729019
209.127814,0.0,0.0,200,29619.11938
210.63423,0.0,0.0,200,29679.43725
204.348731,0.0,0.0,200,29731.107953
209.416597,0.0,0.0,200,29781.71857
210.455852,0.0,0.0,200,29833.588615
208.77029,0.0,0.0,200,29899.30062
204.100323,0.0,0.0,200,29959.187511
220.928315,0.0,0.0,200,30015.109626
201.073463,0.0,0.0,200,30068.213434
197.862374,0.0,0.0,200,30118.816457
220.284125,0.0,0.0,200,30169.299162
192.139075,0.0,0.0,200,30242.910752
203.008608,0.0,0.0,200,30319.319257
209.777838,0.0,0.0,200,30392.83259
214.412754,0.0,0.0,200,30464.877078
215.684715,0.0,0.0,200,30515.680377
207.875581,0.0,0.0,200,30565.073686
220.67243,0.0,0.0,200,30614.311337
193.278981,0.0,0.0,200,30671.490466
200.324208,0.0,0.0,200,30725.685837
212.279685,0.0,0.0,200,30782.41103
217.687656,0.0,0.0,200,30831.17701
212.180296,0.0,0.0,200,30880.811777
221.116994,0.0,0.0,200,30938.799036
203.106787,0.0,0.0,200,30997.196921
218.24368,0.0,0.0,200,31050.329833
215.679927,0.0,0.0,200,31103.539998
211.557571,0.0,0.0,200,31153.425136
217.394353,0.0,0.0,200,31203.533216
220.329717,0.0,0.0,200,31253.628006
196.345248,0.0,0.0,200,31314.33415
208.171254,0.0,0.0,200,31372.125475
206.75383,0.0,0.0,200,31431.132209
221.617074,0.0,0.0,200,31495.000642
207.113294,0.0,0.0,200,31549.81478
202.312844,0.0,0.0,200,31610.318152
213.583865,0.0,0.0,200,31664.475767
216.709289,0.0,0.0,200,31715.322024
201.188819,0.0,0.0,200,31781.505378
208.128931,0.0,0.0,200,31857.214824
214.938118,0.0,0.0,200,31932.912254
214.735031,0.0,0.0,200,32009.128973
200.745782,0.0,0.0,200,32085.034474
190.011357,0.0,0.0,200,32160.316104
220.143901,0.0,0.0,200,32234.535548
197.049059,0.0,0.0,200,32309.776882
218.418557,0.0,0.0,200,32364.975577
218.17128,0.0,0.0,200,32414.218286
218.954,0.0,0.0,200,32486.088686
208.466683,0.0,0.0,200,32559.82662
212.835446,0.0,0.0,200,32633.319489
194.392061,0.0,0.0,200,32707.131819
193.964172,0.0,0.0,200,32785.030028
219.680009,0.0,0.0,200,32838.722313
192.498374,0.0,0.0,200,32888.318241
193.783497,0.0,0.0,200,32938.625516
213.565155,0.0,0.0,200,32995.230553
215.049201,0.0,0.0,200,33060.306802
220.551025,0.0,0.0,200,33124.112816
193.8133,0.0,0.0,200,33173.596136
207.69697,0.0,0.0,200,33234.027595
202.706784,0.0,0.0,200,33285.611534
219.785518,0.0,0.0,200,33337.822003
212.17555,0.0,0.0,200,33389.708125
215.507227,0.0,0.0,200,33451.133659
205.117193,0.0,0.0,200,33504.688957
197.253511,0.0,0.0,200,33554.130029
216.82985,0.0,0.0,200,33604.227716
218.742138,0.0,0.0,200,33657.812072
214.643223,0.0,0.0,200,33715.825422
203.42491,0.0,0.0,200,33774.21872
207.435995,0.0,0.0,200,33827.103497
213.795846,0.0,0.0,200,33878.482332
219.635392,0.0,0.0,200,33942.228057
208.320758,0.0,0.0,200,33993.216043
203.973189,0.0,0.0,200,34044.827923
213.25355,0.0,0.0,200,34102.812337
195.31316,0.0,0.0,200,34163.243159
219.823002,0.0,0.0,200,34213.122992
213.651873,0.0,0.0,200,34266.116843
216.373608,0.0,0.0,200,34316.518703
197.79718,0.0,0.0,200,34366.70981
219.22086,0.0,0.0,200,34434.398201
222.468725,0.0,0.0,200,34509.477254
219.828006,0.0,0.0,200,34582.987275
194.139731,0.0,0.0,200,34648.926192
199.69865,0.0,0.0,200,34698.840583
193.701203,0.0,0.0,200,34748.739056
219.659385,0.0,0.0,200,34798.024982
222.155966,0.0,0.0,200,34848.076959
193.132044,0.0,0.0,200,34899.337043
201.027868,0.0,0.0,200,34974.324179
199.325379,0.0,0.0,200,35036.133702
211.250512,0.0,0.0,200,35087.314074
209.436008,0.0,0.0,200,35140.486292
209.505359,0.0,0.0,200,35189.57825
196.785422,0.0,0.0,200,35240.045102
196.567637,0.0,0.0,200,35302.929567
219.564696,0.0,0.0,200,35363.989482
223.465437,0.0,0.0,200,35413.699376
200.024053,0.0,0.0,200,35463.618291
210.716424,0.0,0.0,200,35514.034802
193.283802,0.0,0.0,200,35563.939774
214.210333,0.0,0.0,200,35614.719282
206.575428,0.0,0.0,200,35669.709682
218.912583,0.0,0.0,200,35719.632782
216.36378,0.0,0.0,200,35769.531641
195.966566,0.0,0.0,200,35821.401719
226.848695,0.0,0.0,200,35871.408615
225.345309,0.0,0.0,200,35925.087514
199.827431,0.0,0.0,200,35976.895904
200.412349,0.0,0.0,200,36026.822659
207.586333,0.0,0.0,200,36078.527322
207.421931,0.0,0.0,200,36128.715628
196.818274,0.0,0.0,200,36181.532622
216.96786,0.0,0.0,200,36245.504751
210.873929,0.0,0.0,200,36294.681002
197.509029,0.0,0.0,200,36345.044502
220.448894,0.0,0.0,200,36407.819264
209.33258,0.0,0.0,200,36474.841497
196.66714,0.0,0.0,200,36525.044338
196.564156,0.0,0.0,200,36587.920132
223.032424,0.0,0.0,200,36637.125709
215.125885,0.0,0.0,200,36687.721327
205.6839,0.0,0.0,200,36756.323529
206.706245,0.0,0.0,200,36811.330997
223.116118,0.0,0.0,200,36863.211472
219.112285,0.0,0.0,200,36936.410274
223.398516,0.0,0.0,200,36986.209012
220.855878,0.0,0.0,200,37048.909068
222.121036,0.0,0.0,200,37114.821101
205.907713,0.0,0.0,200,37165.213907
224.189219,0.0,0.0,200,37215.209073
190.17398,0.0,0.0,200,37264.837387
217.971652,0.0,0.0,200,37314.524189
211.50926,0.0,0.0,200,37384.684694
217.158028,0.0,0.0,200,37439.800057
221.701598,0.0,0.0,200,37489.126812
218.400285,0.0,0.0,200,37548.686944
201.781945,0.0,0.0,200,37597.697767
191.92711,0.0,0.0,200,37653.284151
221.775521,0.0,0.0,200,37719.715981
224.256777,0.0,0.0,200,37768.577482
204.204251,0.0,0.0,200,37842.733136
212.581842,0.0,0.0,200,37900.728863
192.804856,0.0,0.0,200,37956.43005
213.254732,0.0,0.0,200,38030.510344
222.943075,0.0,0.0,200,38082.411812
216.697095,0.0,0.0,200,38135.103594
209.310725,0.0,0.0,200,38204.615602
220.055479,0.0,0.0,200,38254.699663
223.703245,0.0,0.0,200,38306.214975
222.595811,0.0,0.0,200,38368.114216
218.675459,0.0,0.0,200,38418.777889
206.071604,0.0,0.0,200,38479.905094
221.336151,0.0,0.0,200,38533.425386
216.984817,0.0,0.0,200,38586.108413
207.319983,0.0,0.0,200,38656.83462
193.621544,0.0,0.0,200,38708.038549
223.364946,0.0,0.0,200,38775.695371
210.981106,0.0,0.0,200,38837.709446
211.750758,0.0,0.0,200,38888.175807
222.438973,0.0,0.0,200,38954.51162
193.194494,0.0,0.0,200,39007.141432
210.879148,0.0,0.0,200,39061.218831
214.977966,0.0,0.0,200,39134.088073
208.39813,0.0,0.0,200,39184.590381
222.871366,0.0,0.0,200,39253.609796
222.924032,0.0,0.0,200,39313.526844
209.451567,0.0,0.0,200,39362.787472
206.112379,0.0,0.0,200,39438.17689
218.983676,0.0,0.0,200,39491.215356
207.526874,0.0,0.0,200,39540.783746
198.00553,0.0,0.0,200,39590.912821
211.608462,0.0,0.0,200,39642.224988
206.44049,0.0,0.0,200,39711.522881
204.706987,0.0,0.0,200,39786.131974
222.456875,0.0,0.0,200,39859.983667
195.695802,0.0,0.0,200,39922.789682
223.185937,0.0,0.0,200,39996.203704
213.672993,0.0,0.0,200,40070.721716
222.772848,0.0,0.0,200,40145.896412
210.93926,0.0,0.0,200,40222.214877
222.191575,0.0,0.0,200,40296.204874
214.655229,0.0,0.0,200,40371.696676
218.741281,0.0,0.0,200,40445.096107
214.083947,0.0,0.0,200,40521.416112
219.768351,0.0,0.0,200,40594.310214
216.842939,0.0,0.0,200,40667.220636
223.064093,0.0,0.0,200,40741.631729
215.643132,0.0,0.0,200,40814.51591
214.849684,0.0,0.0,200,40890.078321
207.218517,0.0,0.0,200,40964.190804
197.876006,0.0,0.0,200,41021.51251
206.043805,0.0,0.0,200,41070.994742
210.160435,0.0,0.0,200,41119.631604
203.985335,0.0,0.0,200,41170.598248
201.921383,0.0,0.0,200,41244.811636
216.313659,0.0,0.0,200,41298.125018
216.271592,0.0,0.0,200,41366.902848
197.159629,0.0,0.0,200,41431.922109
224.300359,0.0,0.0,200,41480.903182
207.039309,0.0,0.0,200,41530.700723
220.448388,0.0,0.0,200,41580.505847
219.354227,0.0,0.0,200,41639.303234
202.522014,0.0,0.0,200,41703.527818
223.36536,0.0,0.0,200,41753.69806
209.309191,0.0,0.0,200,41823.709483
220.60991,0.0,0.0,200,41873.214518
217.462103,0.0,0.0,200,41931.395088
214.069891,0.0,0.0,200,41991.821185
220.72381,0.0,0.0,200,42042.078218
213.037304,0.0,0.0,200,42114.396546
222.661847,0.0,0.0,200,42163.418607
208.839125,0.0,0.0,200,42220.936397
195.207575,0.0,0.0,200,42269.939864
221.98207,0.0,0.0,200,42323.225266
221.963138,0.0,0.0,200,42396.818318
205.812201,0.0,0.0,200,42448.615417
208.103632,0.0,0.0,200,42523.501608
224.609267,0.0,0.0,200,42581.228112
214.632168,0.0,0.0,200,42649.514082
224.833752,0.0,0.0,200,42716.090413
209.595991,0.0,0.0,200,42765.722877
197.219693,0.0,0.0,200,42821.200081
202.011175,0.0,0.0,200,42877.793697
196.618796,0.0,0.0,200,42927.546025
203.042853,0.0,0.0,200,42977.535853
223.219325,0.0,0.0,200,43027.231748
209.912885,0.0,0.0,200,43085.40952
219.983283,0.0,0.0,200,43135.211188
189.998992,0.0,0.0,200,43187.214887
224.301371,0.0,0.0,200,43256.978908
208.4208,0.0,0.0,200,43307.099387
204.638082,0.0,0.0,200,43376.511649
204.194997,0.0,0.0,200,43432.622182
218.134987,0.0,0.0,200,43494.81554
205.209093,0.0,0.0,200,43562.714482
222.213246,0.0,0.0,200,43616.526027
218.597736,0.0,0.0,200,43668.72718
225.586099,0.0,0.0,200,43725.800842
222.639651,0.0,0.0,200,43775.087265
213.6633,0.0,0.0,200,43836.008636
217.078026,0.0,0.0,200,43885.402251
223.942418,0.0,0.0,200,43942.231678
219.100759,0.0,0.0,200,43998.578682
217.362739,0.0,0.0,200,44047.776482
222.756134,0.0,0.0,200,44097.59053
218.281126,0.0,0.0,200,44165.902185
200.611229,0.0,0.0,200,44239.415504
204.90515,0.0,0.0,200,44314.919694
194.582526,0.0,0.0,200,44384.81411
205.319973,0.0,0.0,200,44434.441921
209.095674,0.0,0.0,200,44483.725079
221.308891,0.0,0.0,200,44532.708067
223.494196,0.0,0.0,200,44588.900138
205.522995,0.0,0.0,200,44638.917904
227.099837,0.0,0.0,200,44689.306709
223.937541,0.0,0.0,200,44741.829989
215.659514,0.0,0.0,200,44792.028524
201.77958,0.0,0.0,200,44854.230358
209.053776,0.0,0.0,200,44917.976044
196.980436,0.0,0.0,200,44968.351611
224.557361,0.0,0.0,200,45034.28107
215.171184,0.0,0.0,200,45091.775523
223.89026,0.0,0.0,200,45147.721008
209.476054,0.0,0.0,200,45222.430623
204.763445,0.0,0.0,200,45272.222695
215.203866,0.0,0.0,200,45321.233346
221.438219,0.0,0.0,200,45384.518841
219.921108,0.0,0.0,200,45433.720258
214.006024,0.0,0.0,200,45496.614433
194.790929,0.0,0.0,200,45558.33881
216.554893,0.0,0.0,200,45611.378326
201.789788,0.0,0.0,200,45685.913069
216.442863,0.0,0.0,200,45736.210797
223.389301,0.0,0.0,200,45786.92897
225.534629,0.0,0.0,200,45849.326159
213.956456,0.0,0.0,200,45898.497494
227.044435,0.0,0.0,200,45953.513386
224.350167,0.0,0.0,200,46016.883808
212.959018,0.0,0.0,200,46068.510388
224.433653,0.0,0.0,200,46142.308382
223.993411,0.0,0.0,200,46198.02037
223.711242,0.0,0.0,200,46247.47993
210.55647,0.0,0.0,200,46315.041102
214.611033,0.0,0.0,200,46365.226957
227.303635,0.0,0.0,200,46425.903637
207.684713,0.0,0.0,200,46489.81036
204.098726,0.0,0.0,200,46540.088361
204.460701,0.0,0.0,200,46611.688152
225.562209,0.0,0.0,200,46667.912185
223.248202,0.0,0.0,200,46718.822457
217.539116,0.0,0.0,200,46783.080464
213.151894,0.0,0.0,200,46833.922869
209.873899,0.0,0.0,200,46893.917911
215.258088,0.0,0.0,200,46959.039371
225.851172,0.0,0.0,200,47008.92499
224.099155,0.0,0.0,200,47086.208054
222.500278,0.0,0.0,200,47141.076256
202.791225,0.0,0.0,200,47191.296508
216.285977,0.0,0.0,200,47258.717606
222.44083,0.0,0.0,200,47308.615665
207.211421,0.0,0.0,200,47358.293459
226.945905,0.0,0.0,200,47422.223032
209.233925,0.0,0.0,200,47472.421246
224.034504,0.0,0.0,200,47537.622529
217.890608,0.0,0.0,200,47596.088331
226.035393,0.0,0.0,200,47645.589678
207.851552,0.0,0.0,200,47695.451099
201.361452,0.0,0.0,200,47745.214793
224.217968,0.0,0.0,200,47812.125502
222.174235,0.0,0.0,200,47878.078195
225.640003,0.0,0.0,200,47928.621929
223.302062,0.0,0.0,200,47977.488777
202.948393,0.0,0.0,200,48031.774948
225.913108,0.0,0.0,200,48104.995749
223.054126,0.0,0.0,200,48154.677182
214.580414,0.0,0.0,200,48231.177925
229.009224,0.0,0.0,200,48282.333365
211.092343,0.0,0.0,200,48351.019536
228.387299,0.0,0.0,200,48410.910404
226.335819,0.0,0.0,200,48472.598085
211.119344,0.0,0.0,200,48541.177501
226.492445,0.0,0.0,200,48594.08216
208.929857,0.0,0.0,200,48670.879569
220.375039,0.0,0.0,200,48722.328095
212.44515,0.0,0.0,200,48796.204272
197.176148,0.0,0.0,200,48854.916147
220.294045,0.0,0.0,200,48904.918687
198.394775,0.0,0.0,200,48972.293407
195.005002,0.0,0.0,200,49032.114498
216.27956,0.0,0.0,200,49106.907801
226.816975,0.0,0.0,200,49162.103032
190.166162,0.0,0.0,200,49238.102187
222.368562,0.0,0.0,200,49294.228768
197.191423,0.0,0.0,200,49345.549305
206.802342,0.0,0.0,200,49410.931541
222.095732,0.0,0.0,200,49466.019864
222.785692,0.0,0.0,200,49524.194459
196.238653,0.0,0.0,200,49573.027144
225.027988,0.0,0.0,200,49621.526958
218.942073,0.0,0.0,200,49669.983085
212.926983,0.0,0.0,200,49719.233138
208.420849,0.0,0.0,200,49780.205075
226.772653,0.0,0.0,200,49830.594371
223.758189,0.0,0.0,200,49882.132015
209.804665,0.0,0.0,200,49936.229906
205.209195,0.0,0.0,200,49986.111901
219.001614,0.0,0.0,200,50044.321358
218.475606,0.0,0.0,200,50104.526798
223.303532,0.0,0.0,200,50162.209596
221.934706,0.0,0.0,200,50213.609042
208.723239,0.0,0.0,200,50276.993385
223.795446,0.0,0.0,200,50326.590005
204.410477,0.0,0.0,200,50376.312953
217.763895,0.0,0.0,200,50428.291979
195.940494,0.0,0.0,200,50478.035933
226.935413,0.0,0.0,200,50527.722731
204.412016,0.0,0.0,200,50577.515228
224.867777,0.0,0.0,200,50629.817461
197.775404,0.0,0.0,200,50679.49181
223.805093,0.0,0.0,200,50729.309281
217.168745,0.0,0.0,200,50778.6314
223.053224,0.0,0.0,200,50827.796164
203.760458,0.0,0.0,200,50877.138147
198.845032,0.0,0.0,200,50927.034969
212.170067,0.0,0.0,200,50980.612708
225.651474,0.0,0.0,200,51030.793174
209.839839,0.0,0.0,200,51080.34169
224.880347,0.0,0.0,200,51130.535433
215.663518,0.0,0.0,200,51179.744364
226.616235,0.0,0.0,200,51228.87765
221.072263,0.0,0.0,200,51280.019773
221.054171,0.0,0.0,200,51345.703968
198.533236,0.0,0.0,200,51402.02449
197.905368,0.0,0.0,200,51451.405475
196.412333,0.0,0.0,200,51501.636029
203.474307,0.0,0.0,200,51551.322159
207.795358,0.0,0.0,200,51602.314483
200.800404,0.0,0.0,200,51652.122115
219.93918,0.0,0.0,200,51701.894575
224.143402,0.0,0.0,200,51751.093828
199.558346,0.0,0.0,200,51801.207853
215.344108,0.0,0.0,200,51852.221422
223.364201,0.0,0.0,200,51902.180432
206.06474,0.0,0.0,200,51951.88883
220.87188,0.0,0.0,200,52002.225078
220.646096,0.0,0.0,200,52050.798643
210.021075,0.0,0.0,200,52101.122744
197.773348,0.0,0.0,200,52149.889849
221.385488,0.0,0.0,200,52199.807296
209.243431,0.0,0.0,200,52249.998852
204.702487,0.0,0.0,200,52300.435699
215.637518,0.0,0.0,200,52357.322748
193.127271,0.0,0.0,200,52408.412689
195.270372,0.0,0.0,200,52459.347958
201.568834,0.0,0.0,200,52510.623937
215.468922,0.0,0.0,200,52585.346898
212.542743,0.0,0.0,200,52661.333218
212.4911,0.0,0.0,200,52736.61149
194.615383,0.0,0.0,200,52812.521252
198.906117,0.0,0.0,200,52888.152276
213.291986,0.0,0.0,200,52963.720875
216.194178,0.0,0.0,200,53034.713552
221.477355,0.0,0.0,200,53110.003693
223.347361,0.0,0.0,200,53187.510054
207.907944,0.0,0.0,200,53250.775322
215.883871,0.0,0.0,200,53301.137728
215.06574,0.0,0.0,200,53351.282696
202.682151,0.0,0.0,200,53400.234868
221.707109,0.0,0.0,200,53449.695004
218.794299,0.0,0.0,200,53499.406194
222.481532,0.0,0.0,200,53548.112082
224.85672,0.0,0.0,200,53598.124258
227.694566,0.0,0.0,200,53655.508772
202.065378,0.0,0.0,200,53705.32589
215.104351,0.0,0.0,200,53756.340243
225.272922,0.0,0.0,200,53805.422055
224.937527,0.0,0.0,200,53854.506149
212.228355,0.0,0.0,200,53903.518387
202.620144,0.0,0.0,200,53953.833098
226.889158,0.0,0.0,200,54002.983624
225.515306,0.0,0.0,200,54053.224354
217.490402,0.0,0.0,200,54103.72363
202.905058,0.0,0.0,200,54153.834368
224.501269,0.0,0.0,200,54202.523478
226.602414,0.0,0.0,200,54253.01568
204.52752,0.0,0.0,200,54301.781795
220.335617,0.0,0.0,200,54351.9193
200.233379,0.0,0.0,200,54401.738534
207.842255,0.0,0.0,200,54450.488696
214.13573,0.0,0.0,200,54501.033361
211.212232,0.0,0.0,200,54551.098206
193.929279,0.0,0.0,200,54604.223181
193.549134,0.0,0.0,200,54660.701974
192.924076,0.0,0.0,200,54721.035361
204.641254,0.0,0.0,200,54791.329284
218.848422,0.0,0.0,200,54841.512525
219.832608,0.0,0.0,200,54890.911356
201.09472,0.0,0.0,200,54941.347764
216.773996,0.0,0.0,200,54993.981997
221.363048,0.0,0.0,200,55055.912774
198.434335,0.0,0.0,200,55133.800716
201.367297,0.0,0.0,200,55209.223138
211.926309,0.0,0.0,200,55285.8198
202.40466,0.0,0.0,200,55361.105537
232.324231,0.0,0.0,200,55436.713043
203.879011,0.0,0.0,200,55502.621122
229.337251,0.0,0.0,200,55552.990066
210.651088,0.0,0.0,200,55603.711747
223.372782,0.0,0.0,200,55660.188821
204.509825,0.0,0.0,200,55718.525349
199.897888,0.0,0.0,200,55768.377589
215.563078,0.0,0.0,200,55817.832711
202.690187,0.0,0.0,200,55883.026415
230.670235,0.0,0.0,200,55945.009124
213.611679,0.0,0.0,200,55999.91491
217.250814,0.0,0.0,200,56049.479311
227.606999,0.0,0.0,200,56098.500079
199.826999,0.0,0.0,200,56147.601764
230.997501,0.0,0.0,200,56197.817548
231.755987,0.0,0.0,200,56247.884678
201.627567,0.0,0.0,200,56297.277379
216.965464,0.0,0.0,200,56346.97865
230.820822,0.0,0.0,200,56395.53036
214.493014,0.0,0.0,200,56444.730908
199.397342,0.0,0.0,200,56493.913561
204.976837,0.0,0.0,200,56543.311169
221.358941,0.0,0.0,200,56591.525621
228.971068,0.0,0.0,200,56640.012607
206.115854,0.0,0.0,200,56686.927082
212.492689,0.0,0.0,200,56735.813676
202.907118,0.0,0.0,200,56785.415832
197.847175,0.0,0.0,200,56834.641967
207.604659,0.0,0.0,200,56883.622168
222.120922,0.0,0.0,200,56933.032922
229.1779,0.0,0.0,200,56981.314778
212.045996,0.0,0.0,200,57030.081736
211.591171,0.0,0.0,200,57078.118648
225.26627,0.0,0.0,200,57126.023686
220.199446,0.0,0.0,200,57174.421604
203.93768,0.0,0.0,200,57223.23761
220.928621,0.0,0.0,200,57272.711345
203.806814,0.0,0.0,200,57322.537507
199.675361,0.0,0.0,200,57370.829293
207.172709,0.0,0.0,200,57420.121594
221.611902,0.0,0.0,200,57469.618409
216.453437,0.0,0.0,200,57516.976062
225.79072,0.0,0.0,200,57565.510957
200.796365,0.0,0.0,200,57613.044931
223.486385,0.0,0.0,200,57662.214395
213.348273,0.0,0.0,200,57711.324572
213.760592,0.0,0.0,200,57759.923364
206.549746,0.0,0.0,200,57808.417935
206.044801,0.0,0.0,200,57856.986863
208.848482,0.0,0.0,200,57905.415087
228.566418,0.0,0.0,200,57954.913591
224.941099,0.0,0.0,200,58003.118226
217.553685,0.0,0.0,200,58051.376202
217.344004,0.0,0.0,200,58100.578492
196.999057,0.0,0.0,200,58148.977087
198.108246,0.0,0.0,200,58197.928927
213.091188,0.0,0.0,200,58246.637387
225.255922,0.0,0.0,200,58295.120604
213.964879,0.0,0.0,200,58344.610915
222.291747,0.0,0.0,200,58393.385516
222.226436,0.0,0.0,200,58443.610309
221.559653,0.0,0.0,200,58491.748057
205.178132,0.0,0.0,200,58541.778914
220.959953,0.0,0.0,200,58590.825864
209.861107,0.0,0.0,200,58640.93838
210.500787,0.0,0.0,200,58690.213408
214.131552,0.0,0.0,200,58739.023818
228.153242,0.0,0.0,200,58788.394033
205.060718,0.0,0.0,200,58837.149278
229.12979,0.0,0.0,200,58886.231794
221.75637,0.0,0.0,200,58934.624991
205.075438,0.0,0.0,200,58983.82059
221.072082,0.0,0.0,200,59033.995637
224.232779,0.0,0.0,200,59082.815225
207.343543,0.0,0.0,200,59132.319534
214.430737,0.0,0.0,200,59182.121385
208.880022,0.0,0.0,200,59230.786497
224.455365,0.0,0.0,200,59280.51496
225.915668,0.0,0.0,200,59330.109716
227.195622,0.0,0.0,200,59377.41549
212.417455,0.0,0.0,200,59426.632417
219.405024,0.0,0.0,200,59474.446083
210.934573,0.0,0.0,200,59524.224257
224.602278,0.0,0.0,200,59572.205069
221.337047,0.0,0.0,200,59620.719966
230.028018,0.0,0.0,200,59669.123972
223.265087,0.0,0.0,200,59715.71663
212.593427,0.0,0.0,200,59763.227412
200.059021,0.0,0.0,200,59810.292407
225.805147,0.0,0.0,200,59858.303056
209.595727,0.0,0.0,200,59906.012476
224.196732,0.0,0.0,200,59955.521273
219.644739,0.0,0.0,200,60004.788631
226.036773,0.0,0.0,200,60052.791759
210.531756,0.0,0.0,200,60101.728001
226.177833,0.0,0.0,200,60150.595873
218.599322,0.0,0.0,200,60200.125018
215.937978,0.0,0.0,200,60248.508913
212.543013,0.0,0.0,200,60297.307657
215.636498,0.0,0.0,200,60345.313946
215.71109,0.0,0.0,200,60394.223292
215.183655,0.0,0.0,200,60443.623006
221.455887,0.0,0.0,200,60493.113253
215.240663,0.0,0.0,200,60542.576666
221.924204,0.0,0.0,200,60591.705727
213.641808,0.0,0.0,200,60641.3222
220.806617,0.0,0.0,200,60690.38081
226.408288,0.0,0.0,200,60739.282389
214.620402,0.0,0.0,200,60788.231896
204.951736,0.0,0.0,200,60839.028921
200.338709,0.0,0.0,200,60889.538861
221.847387,0.0,0.0,200,60940.628572
205.132768,0.0,0.0,200,60990.720306
226.32374,0.0,0.0,200,61041.521614
201.853269,0.0,0.0,200,61091.801014
207.108754,0.0,0.0,200,61141.208287
208.561527,0.0,0.0,200,61190.924474
208.835352,0.0,0.0,200,61237.888926
209.86635,0.0,0.0,200,61286.92419
205.055187,0.0,0.0,200,61334.887298
222.29446,0.0,0.0,200,61382.723634
205.063314,0.0,0.0,200,61432.440397
220.508556,0.0,0.0,200,61481.305115
210.418619,0.0,0.0,200,61531.634737
211.410004,0.0,0.0,200,61580.623324
208.959573,0.0,0.0,200,61630.003555
221.507436,0.0,0.0,200,61679.5179
224.287048,0.0,0.0,200,61727.790399
225.983958,0.0,0.0,200,61777.428768
203.335153,0.0,0.0,200,61827.926731
213.934591,0.0,0.0,200,61878.142053
224.704603,0.0,0.0,200,61927.235153
228.017934,0.0,0.0,200,61975.600485
205.882252,0.0,0.0,200,62024.943799
213.1254,0.0,0.0,200,62072.816879
219.127313,0.0,0.0,200,62121.034636
208.224098,0.0,0.0,200,62170.635633
216.684372,0.0,0.0,200,62219.126251
220.004087,0.0,0.0,200,62269.034876
222.889865,0.0,0.0,200,62318.040935
226.514056,0.0,0.0,200,62367.90171
226.050061,0.0,0.0,200,62416.678165
225.304099,0.0,0.0,200,62466.545405
214.060338,0.0,0.0,200,62515.807572
201.214952,0.0,0.0,200,62564.822085
193.849382,0.0,0.0,200,62613.892391
206.133625,0.0,0.0,200,62663.638624
218.665447,0.0,0.0,200,62712.904404
214.477128,0.0,0.0,200,62761.202673
225.616496,0.0,0.0,200,62810.937491
214.004356,0.0,0.0,200,62860.421288
216.260073,0.0,0.0,200,62910.617001
216.185176,0.0,0.0,200,62962.016383
207.979624,0.0,0.0,200,63012.919083
229.077509,0.0,0.0,200,63062.620988
232.008834,0.0,0.0,200,63111.913227
207.836802,0.0,0.0,200,63161.716692
205.8391,0.0,0.0,200,63209.507056
211.197634,0.0,0.0,200,63258.409527
222.056111,0.0,0.0,200,63307.032102
230.035361,0.0,0.0,200,63356.388575
225.83037,0.0,0.0,200,63406.527636
222.585167,0.0,0.0,200,63455.609751
226.835756,0.0,0.0,200,63504.878737
228.433639,0.0,0.0,200,63553.792996
220.21561,0.0,0.0,200,63603.583471
202.747165,0.0,0.0,200,63652.475763
211.066941,0.0,0.0,200,63702.622012
232.292659,0.0,0.0,200,63750.632694
232.64622,0.0,0.0,200,63799.893778
201.772372,0.0,0.0,200,63850.281166
225.203948,0.0,0.0,200,63898.278024
201.614517,0.0,0.0,200,63948.976984
212.104787,0.0,0.0,200,63998.71128
230.818268,0.0,0.0,200,64048.178386
230.518152,0.0,0.0,200,64096.317906
225.0954,0.0,0.0,200,64144.724034
207.823908,0.0,0.0,200,64195.430912
226.600802,0.0,0.0,200,64243.811903
216.770429,0.0,0.0,200,64292.340829
216.584909,0.0,0.0,200,64342.127205
208.711114,0.0,0.0,200,64391.842783
219.314552,0.0,0.0,200,64440.778356
206.946265,0.0,0.0,200,64489.7
226.389091,0.0,0.0,200,64539.399603
211.533875,0.0,0.0,200,64588.410519
205.109612,0.0,0.0,200,64638.543912
228.149724,0.0,0.0,200,64688.413592
226.125933,0.0,0.0,200,64738.704548
221.060182,0.0,0.0,200,64788.21022
219.970072,0.0,0.0,200,64838.218994
207.655898,0.0,0.0,200,64887.917453
213.549765,0.0,0.0,200,64937.511624
209.622821,0.0,0.0,200,64987.832995
225.051134,0.0,0.0,200,65037.888818
218.061756,0.0,0.0,200,65087.43292
224.115483,0.0,0.0,200,65138.007078
204.968647,0.0,0.0,200,65188.634402
204.314381,0.0,0.0,200,65236.523259
223.55659,0.0,0.0,200,65286.697325
211.799664,0.0,0.0,200,65337.22585
222.6395,0.0,0.0,200,65388.127074
229.9942,0.0,0.0,200,65437.820424
205.864781,0.0,0.0,200,65488.410037
223.414021,0.0,0.0,200,65537.49474
227.630719,0.0,0.0,200,65588.485706
226.47842,0.0,0.0,200,65637.621841
229.198666,0.0,0.0,200,65687.022689
216.550089,0.0,0.0,200,65736.784683
223.747581,0.0,0.0,200,65786.674406
216.436987,0.0,0.0,200,65836.634083
194.510432,0.0,0.0,200,65884.943775
199.272464,0.0,0.0,200,65934.11715
205.222578,0.0,0.0,200,65984.429932
228.42162,0.0,0.0,200,66034.323715
225.58662,0.0,0.0,200,66083.993851
221.240981,0.0,0.0,200,66132.617346
226.290826,0.0,0.0,200,66182.622191
220.981788,0.0,0.0,200,66232.226795
220.676075,0.0,0.0,200,66281.410984
221.440123,0.0,0.0,200,66331.776871
217.883727,0.0,0.0,200,66380.732236
231.001118,0.0,0.0,200,66430.890094
226.839738,0.0,0.0,200,66480.398373
199.348462,0.0,0.0,200,66528.803231
221.637562,0.0,0.0,200,66578.530325
229.063303,0.0,0.0,200,66626.909482
228.940529,0.0,0.0,200,66674.308995
207.003834,0.0,0.0,200,66723.129916
200.661345,0.0,0.0,200,66771.728061
224.901715,0.0,0.0,200,66820.116808
226.793969,0.0,0.0,200,66869.131018
209.281209,0.0,0.0,200,66916.997211
224.20385,0.0,0.0,200,66965.026922
228.383833,0.0,0.0,200,67013.50592
220.533222,0.0,0.0,200,67061.597623
202.645372,0.0,0.0,200,67110.993459
227.029544,0.0,0.0,200,67158.610174
209.028084,0.0,0.0,200,67207.580358
209.483056,0.0,0.0,200,67254.30351
210.788674,0.0,0.0,200,67302.577356
217.115721,0.0,0.0,200,67352.384067
204.970558,0.0,0.0,200,67400.977866
210.947019,0.0,0.0,200,67450.193035
220.948324,0.0,0.0,200,67498.481268
204.44081,0.0,0.0,200,67546.416674
205.385235,0.0,0.0,200,67593.97693
213.617435,0.0,0.0,200,67642.307298
215.879259,0.0,0.0,200,67690.613406
196.162104,0.0,0.0,200,67738.939776
202.594239,0.0,0.0,200,67786.914474
225.519575,0.0,0.0,200,67835.026548
205.919397,0.0,0.0,200,67883.115819
214.279933,0.0,0.0,200,67931.189571
211.037617,0.0,0.0,200,67980.430316
214.591043,0.0,0.0,200,68028.621323
228.780975,0.0,0.0,200,68077.406632
215.260025,0.0,0.0,200,68125.598549
223.276518,0.0,0.0,200,68174.401812
209.055719,0.0,0.0,200,68222.597706
231.770826,0.0,0.0,200,68271.183437
229.402335,0.0,0.0,200,68321.03997
212.931153,0.0,0.0,200,68368.823171
209.169198,0.0,0.0,200,68417.137914
204.851554,0.0,0.0,200,68466.751282
211.299578,0.0,0.0,200,68516.211831
229.855493,0.0,0.0,200,68565.982067
228.785622,0.0,0.0,200,68614.198918
230.910217,0.0,0.0,200,68664.310162
200.040085,0.0,0.0,200,68714.224608
206.775291,0.0,0.0,200,68762.496531
228.85553,0.0,0.0,200,68810.315608
218.94351,0.0,0.0,200,68860.916912
227.632511,0.0,0.0,200,68909.385625
228.591204,0.0,0.0,200,68958.394035
231.331549,0.0,0.0,200,69006.909176
211.762355,0.0,0.0,200,69054.922428
206.12013,0.0,0.0,200,69105.010902
211.483536,0.0,0.0,200,69154.941211
231.376288,0.0,0.0,200,69204.611355
214.24072,0.0,0.0,200,69253.528722
226.386499,0.0,0.0,200,69302.27761
199.528593,0.0,0.0,200,69352.315404
204.008469,0.0,0.0,200,69401.140615
227.738855,0.0,0.0,200,69448.706679
232.312622,0.0,0.0,200,69498.206144
230.021253,0.0,0.0,200,69547.298548
217.792888,0.0,0.0,200,69597.630647
226.581514,0.0,0.0,200,69647.23824
225.206738,0.0,0.0,200,69695.888828
221.361473,0.0,0.0,200,69745.024676
202.498859,0.0,0.0,200,69794.715276
221.008769,0.0,0.0,200,69843.834606
205.796404,0.0,0.0,200,69892.231896
213.663453,0.0,0.0,200,69941.626379
226.624434,0.0,0.0,200,69991.434569
218.377763,0.0,0.0,200,70041.70721
224.152741,0.0,0.0,200,70090.613096
217.272733,0.0,0.0,200,70140.112253
220.199493,0.0,0.0,200,70188.5166
225.554897,0.0,0.0,200,70237.014339
208.612364,0.0,0.0,200,70285.208811
219.897304,0.0,0.0,200,70335.121106
226.189954,0.0,0.0,200,70383.997072
224.083947,0.0,0.0,200,70433.481134
222.745144,0.0,0.0,200,70481.826168
228.398973,0.0,0.0,200,70531.810191
228.403523,0.0,0.0,200,70580.800515
229.845066,0.0,0.0,200,70629.332008
207.635916,0.0,0.0,200,70679.222121
210.251405,0.0,0.0,200,70728.824627
223.375126,0.0,0.0,200,70777.30235
201.642149,0.0,0.0,200,70827.477616
227.043888,0.0,0.0,200,70877.330128
197.877071,0.0,0.0,200,70926.546164
224.39638,0.0,0.0,200,70976.614454
225.569439,0.0,0.0,200,71026.316382
213.429316,0.0,0.0,200,71075.740029
201.138162,0.0,0.0,200,71126.127143
225.961658,0.0,0.0,200,71176.613742
202.311458,0.0,0.0,200,71226.792058
206.665437,0.0,0.0,200,71275.44783
226.891202,0.0,0.0,200,71325.222598
218.043509,0.0,0.0,200,71374.31688
203.120163,0.0,0.0,200,71423.991792
213.305206,0.0,0.0,200,71474.026165
207.07513,0.0,0.0,200,71523.978976
209.32337,0.0,0.0,200,71575.247665
221.0746,0.0,0.0,200,71626.009214
224.072394,0.0,0.0,200,71676.414302
225.58016,0.0,0.0,200,71726.117665
233.546919,0.0,0.0,200,71775.107363
222.696938,0.0,0.0,200,71825.334486
216.492235,0.0,0.0,200,71873.923709
216.421045,0.0,0.0,200,71921.196584
203.051193,0.0,0.0,200,71968.028741
227.628598,0.0,0.0,200,72015.819585
231.61779,0.0,0.0,200,72062.574228
225.581759,0.0,0.0,200,72111.114391
204.253393,0.0,0.0,200,72160.131263
229.309099,0.0,0.0,200,72208.028925
