# {"t_start": 1757028362.401426, "env_id": "graff-v0"} 
r,obj_lift,obj_grab,l,t
3590.918117,0.87,0.87,200,7.531105
2884.390437,0.56,0.57,200,11.845091
3505.513778,0.87,0.87,200,16.036504
3527.669074,0.87,0.87,200,20.335411
2400.240225,0.83,0.83,200,25.64381
2641.622353,0.855,0.865,200,30.072429
2943.029061,0.885,0.885,200,34.478792
2515.720845,0.86,0.86,200,38.870967
3147.640169,0.885,0.885,200,44.09993
3688.949307,0.815,0.835,200,48.71706
3299.534739,0.89,0.89,200,53.316556
3345.451444,0.78,0.79,200,57.783818
2796.557555,0.795,0.805,200,62.987252
2563.536706,0.855,0.86,200,67.462221
2525.015004,0.84,0.855,200,72.155053
2577.420779,0.87,0.88,200,76.643516
2507.438119,0.85,0.865,200,81.722472
3101.345677,0.78,0.8,200,86.040916
3581.626777,0.88,0.88,200,90.340708
2913.374428,0.865,0.865,200,94.621692
3624.571137,0.865,0.865,200,99.577451
3420.868671,0.805,0.82,200,103.951717
2558.783411,0.795,0.8,200,108.34559
2840.31844,0.795,0.8,200,112.689884
3262.136732,0.88,0.885,200,117.6631
3321.968071,0.795,0.795,200,121.98924
1817.659419,0.255,0.255,200,126.190095
3440.773742,0.815,0.83,200,130.541738
3292.666291,0.765,0.765,200,135.790661
3683.887896,0.9,0.9,200,140.247585
3330.973704,0.775,0.79,200,144.610155
2385.02209,0.82,0.835,200,149.04134
3530.951205,0.865,0.865,200,154.35243
2452.689207,0.855,0.855,200,158.848171
3643.60274,0.83,0.845,200,163.272702
3356.99386,0.805,0.805,200,167.660228
3350.780475,0.795,0.82,200,172.706238
3668.164766,0.82,0.845,200,177.290439
2573.871117,0.85,0.865,200,181.717058
3545.966495,0.82,0.83,200,186.052128
1655.387227,0.09,0.115,200,190.936942
2597.808081,0.85,0.87,200,195.412884
3257.645123,0.81,0.815,200,199.840562
2681.438843,0.815,0.825,200,204.364973
1139.09038,0.07,0.08,200,209.566811
1969.826317,0.1,0.105,200,214.073361
2498.39046,0.84,0.85,200,218.749974
3446.663121,0.79,0.805,200,223.233034
3765.470916,0.805,0.815,200,228.491424
3257.332793,0.8,0.815,200,232.934155
2634.478023,0.245,0.255,200,237.579653
3530.818887,0.815,0.84,200,242.188521
2902.757091,0.515,0.515,200,247.411151
3649.901886,0.83,0.845,200,251.914482
2562.81029,0.84,0.84,200,256.422271
2517.159203,0.83,0.84,200,261.034205
3593.782082,0.78,0.795,200,266.44225
2548.344037,0.835,0.85,200,271.050743
2567.437204,0.82,0.84,200,275.53943
3675.198666,0.825,0.85,200,280.265954
3429.396453,0.87,0.875,200,285.601853
2919.572845,0.81,0.815,200,290.282229
3196.558076,0.87,0.87,200,294.970458
2549.353262,0.85,0.85,200,299.653947
3313.983287,0.88,0.88,200,304.97346
3100.578799,0.85,0.86,200,309.556567
2554.838362,0.865,0.87,200,314.165354
3298.124479,0.885,0.885,200,318.838169
2516.548321,0.84,0.84,200,324.148016
3396.996342,0.85,0.865,200,328.817732
3387.798798,0.77,0.775,200,333.467616
2595.017487,0.835,0.835,200,338.065169
3514.572031,0.775,0.78,200,343.340553
3511.58983,0.855,0.87,200,348.063025
3290.090045,0.86,0.875,200,352.635888
3056.497763,0.85,0.86,200,357.228072
2463.836687,0.8,0.8,200,362.549217
3648.226898,0.8,0.82,200,367.233119
2488.889777,0.84,0.845,200,371.767231
2195.851333,0.705,0.705,200,376.382856
3278.600459,0.88,0.88,200,381.908833
2561.344991,0.805,0.805,200,386.620765
2496.098221,0.84,0.855,200,391.22473
2497.610254,0.845,0.855,200,395.709314
3185.0071,0.84,0.845,200,401.134369
2897.137552,0.77,0.78,200,405.85645
2837.189481,0.86,0.865,200,410.462765
3629.054621,0.79,0.82,200,415.040245
2557.104005,0.82,0.835,200,420.318996
2601.647984,0.815,0.82,200,424.982147
2543.986355,0.845,0.865,200,429.622071
2599.718662,0.805,0.82,200,434.263786
2910.596724,0.795,0.805,200,439.728722
2572.654252,0.855,0.855,200,444.51817
3640.046535,0.845,0.845,200,449.351177
3425.880764,0.845,0.855,200,453.985326
3123.059727,0.805,0.81,200,459.312848
3349.019844,0.835,0.845,200,464.042745
3861.79143,0.795,0.795,200,468.827889
3652.500598,0.805,0.82,200,473.52058
2642.86279,0.84,0.84,200,478.706648
2285.256881,0.605,0.61,200,483.194863
3709.271455,0.855,0.87,200,487.807201
3756.051015,0.815,0.82,200,492.493428
2918.523555,0.79,0.8,200,497.925789
2563.498176,0.85,0.85,200,502.737099
3711.085881,0.83,0.85,200,507.493383
3637.340427,0.81,0.81,200,512.069545
2593.927814,0.85,0.86,200,517.263993
3661.120067,0.8,0.825,200,521.929488
3884.108978,0.78,0.78,200,526.522991
3596.956463,0.8,0.82,200,531.153844
3861.663637,0.78,0.78,200,536.4897
3676.426684,0.82,0.825,200,541.272037
2587.90335,0.835,0.835,200,545.875118
3033.983205,0.83,0.85,200,550.480176
3720.138979,0.865,0.875,200,555.841438
4059.199174,0.79,0.805,200,560.489421
2558.897299,0.85,0.86,200,565.207415
3712.828962,0.82,0.835,200,569.815554
3632.406707,0.86,0.87,200,575.022608
3601.803528,0.885,0.885,200,579.645221
2579.13635,0.845,0.845,200,584.267827
3758.840907,0.815,0.825,200,588.864045
3633.08662,0.87,0.87,200,594.059083
3770.18366,0.86,0.87,200,598.739242
3707.764391,0.87,0.875,200,603.301109
2530.413045,0.385,0.4,200,607.806817
2898.586369,0.83,0.845,200,612.893286
3725.243582,0.82,0.84,200,617.482634
2578.353913,0.825,0.83,200,621.992837
3098.275494,0.83,0.84,200,626.515051
2621.07812,0.86,0.87,200,631.997061
2600.481093,0.85,0.85,200,636.688662
2578.904318,0.85,0.86,200,641.270861
3074.81715,0.83,0.83,200,645.97758
2557.845602,0.855,0.865,200,651.225033
3310.250659,0.845,0.855,200,655.906168
3719.081818,0.8,0.83,200,660.328147
3002.85138,0.815,0.815,200,664.912711
3725.710092,0.855,0.865,200,670.082575
3655.803346,0.865,0.875,200,674.766352
3254.169752,0.55,0.555,200,679.357136
3694.11555,0.805,0.83,200,683.785857
3140.120058,0.82,0.835,200,688.93901
2995.615947,0.83,0.845,200,693.539735
3060.552295,0.82,0.825,200,697.99317
3473.556362,0.845,0.865,200,702.522984
2603.722209,0.855,0.865,200,707.80896
2555.797589,0.855,0.855,200,712.49874
2513.28288,0.855,0.86,200,717.159761
3676.962971,0.85,0.865,200,721.74244
3810.896756,0.8,0.81,200,726.987937
2593.965615,0.86,0.875,200,731.693008
2544.968199,0.865,0.865,200,736.333052
2572.336166,0.86,0.86,200,740.861058
2391.4129,0.665,0.67,200,746.235919
3291.077883,0.84,0.85,200,750.808677
3714.324853,0.86,0.865,200,755.430964
3889.761048,0.885,0.885,200,759.965264
2781.397379,0.81,0.81,200,765.30137
2562.06044,0.86,0.86,200,769.908819
3651.832878,0.84,0.85,200,774.52474
2531.547304,0.845,0.845,200,779.192083
2822.413083,0.79,0.795,200,784.501769
2619.135245,0.86,0.87,200,789.165174
3540.375281,0.845,0.855,200,793.805867
3700.914023,0.885,0.885,200,798.531588
3517.994093,0.855,0.86,200,803.88184
3640.657795,0.855,0.865,200,808.578403
3787.139192,0.86,0.87,200,813.213156
2439.938405,0.8,0.805,200,817.849661
3686.526584,0.84,0.84,200,823.078611
3727.380957,0.82,0.845,200,827.753713
2514.141466,0.515,0.535,200,832.344734
2657.472905,0.685,0.695,200,836.860359
2562.26121,0.865,0.865,200,842.127776
2524.210557,0.84,0.84,200,846.834948
2545.700607,0.845,0.865,200,851.558342
3010.242759,0.805,0.815,200,856.200127
2482.354475,0.825,0.845,200,861.650086
2559.12883,0.04,0.12,200,866.141484
2589.704706,0.855,0.855,200,870.743847
3020.454004,0.84,0.855,200,875.069961
3957.208966,0.81,0.825,200,880.263245
3907.581114,0.795,0.795,200,884.812907
2379.564208,0.725,0.735,200,889.279436
3259.316436,0.84,0.85,200,893.858053
2759.465981,0.77,0.775,200,899.000927
2744.874019,0.375,0.375,200,903.532132
3735.599495,0.865,0.865,200,908.037044
2511.37081,0.825,0.825,200,912.629811
3862.844247,0.81,0.835,200,917.928935
2511.416864,0.855,0.855,200,922.481181
3037.524316,0.81,0.81,200,927.224868
3004.495024,0.805,0.805,200,931.791321
3740.222479,0.825,0.85,200,936.978618
3907.04739,0.835,0.84,200,941.570231
3016.164841,0.785,0.785,200,946.09215
3179.929382,0.84,0.85,200,950.597565
2891.182916,0.77,0.77,200,955.842867
3041.552266,0.83,0.845,200,960.3014
2638.570104,0.87,0.875,200,964.893038
2712.545463,0.72,0.72,200,969.544866
2891.554473,0.83,0.85,200,974.891588
3810.844544,0.84,0.845,200,979.494185
3728.695481,0.84,0.845,200,984.068709
3281.047328,0.825,0.825,200,988.685143
2599.622622,0.855,0.865,200,993.787075
3743.706256,0.845,0.86,200,998.235569
3400.96687,0.52,0.525,200,1002.808515
3757.981878,0.87,0.87,200,1007.301708
2548.408109,0.86,0.865,200,1012.629441
3740.194735,0.835,0.85,200,1017.081724
2428.287235,0.71,0.715,200,1021.571988
3763.358057,0.875,0.88,200,1026.163229
3899.3679,0.855,0.86,200,1031.440615
3696.52035,0.855,0.865,200,1035.984268
4048.675847,0.805,0.82,200,1040.607022
3297.529706,0.77,0.77,200,1044.980977
4045.580635,0.785,0.81,200,1050.292216
4039.086511,0.815,0.82,200,1054.998116
3278.67843,0.815,0.815,200,1059.486811
3772.250005,0.855,0.855,200,1064.044523
3997.677084,0.885,0.885,200,1069.243567
2542.432146,0.84,0.855,200,1073.822279
4080.142764,0.83,0.845,200,1078.321895
2363.049753,0.72,0.725,200,1082.867012
3171.879605,0.815,0.835,200,1087.988216
3706.283125,0.885,0.885,200,1092.409835
3345.852732,0.525,0.525,200,1097.08556
4054.867879,0.805,0.805,200,1101.595929
3710.974571,0.82,0.84,200,1107.171149
3475.224436,0.82,0.82,200,1111.738784
3736.115722,0.88,0.88,200,1116.240921
4094.629547,0.84,0.85,200,1120.775268
2575.133969,0.815,0.84,200,1125.99799
3802.019958,0.855,0.875,200,1130.56262
3787.467724,0.885,0.885,200,1135.066724
3932.616545,0.795,0.805,200,1139.726458
3244.434012,0.84,0.85,200,1144.966288
3449.773464,0.805,0.815,200,1149.457937
2540.610432,0.86,0.865,200,1154.017531
3017.03283,0.8,0.805,200,1158.62343
3184.088147,0.82,0.83,200,1163.791496
2470.091428,0.835,0.835,200,1168.232121
3663.153488,0.875,0.875,200,1172.642723
4093.518031,0.825,0.825,200,1177.152611
3240.226603,0.815,0.825,200,1182.366235
3199.316171,0.775,0.785,200,1186.998823
3040.35336,0.825,0.84,200,1191.50946
4150.549381,0.845,0.85,200,1196.09313
3355.877875,0.825,0.83,200,1201.431025
3925.075719,0.83,0.86,200,1206.095926
3464.165425,0.82,0.84,200,1210.680015
3454.481375,0.83,0.845,200,1215.249372
3813.364499,0.865,0.865,200,1220.453685
4054.407619,0.825,0.84,200,1224.910932
3925.829369,0.805,0.81,200,1229.575824
4004.361025,0.855,0.86,200,1234.18343
4069.282555,0.79,0.805,200,1239.45852
2607.232394,0.855,0.855,200,1244.102937
2295.223803,0.67,0.67,200,1248.657828
2872.603955,0.775,0.79,200,1253.400029
3984.195222,0.79,0.795,200,1258.731733
4119.56098,0.835,0.85,200,1263.420968
3361.513883,0.815,0.82,200,1267.828957
4149.62903,0.82,0.835,200,1272.399103
3257.12865,0.795,0.805,200,1277.72596
4012.27865,0.775,0.785,200,1282.479785
2521.768443,0.85,0.855,200,1287.091097
3493.200663,0.79,0.81,200,1291.741568
2991.632197,0.4,0.455,200,1297.112972
3919.110954,0.875,0.885,200,1301.709759
3785.269085,0.83,0.86,200,1306.300521
3242.821323,0.78,0.785,200,1311.045614
4126.879867,0.815,0.82,200,1316.326969
4107.008142,0.83,0.83,200,1320.860189
3138.985742,0.82,0.825,200,1325.401429
3890.057485,0.845,0.87,200,1330.162196
3754.00418,0.855,0.86,200,1335.722731
4135.018262,0.83,0.86,200,1340.436257
3397.966922,0.82,0.82,200,1345.115051
4075.831812,0.81,0.82,200,1349.747736
4104.363945,0.805,0.805,200,1354.885685
2555.116656,0.845,0.85,200,1359.545897
2514.124951,0.825,0.825,200,1364.208097
3210.428291,0.83,0.845,200,1368.787402
2525.157987,0.06,0.06,200,1374.188292
4007.203091,0.795,0.815,200,1378.685244
3568.673389,0.795,0.805,200,1383.402212
3774.184164,0.855,0.855,200,1388.120147
4010.941047,0.85,0.86,200,1393.455575
2928.625918,0.32,0.335,200,1398.018945
4042.508558,0.795,0.805,200,1402.671799
2613.325872,0.865,0.875,200,1407.277643
3952.498267,0.84,0.855,200,1412.595422
3586.169101,0.79,0.79,200,1417.24393
4032.773521,0.875,0.875,200,1421.978966
2571.762977,0.855,0.87,200,1426.458383
3512.826086,0.825,0.83,200,1431.696962
2632.954353,0.865,0.865,200,1436.27487
3850.230097,0.84,0.855,200,1440.979028
4129.10258,0.82,0.845,200,1445.75753
3491.147827,0.805,0.815,200,1451.25836
4069.749363,0.84,0.84,200,1455.846244
2952.513868,0.31,0.315,200,1460.434593
4133.669884,0.825,0.845,200,1465.094155
2619.201791,0.83,0.86,200,1470.400331
3896.54111,0.85,0.87,200,1475.134972
4216.771193,0.88,0.88,200,1479.529168
4003.140368,0.805,0.805,200,1484.192033
3481.261496,0.83,0.84,200,1489.641075
4089.357905,0.845,0.845,200,1494.454275
3900.055811,0.845,0.86,200,1499.077901
3388.972159,0.835,0.845,200,1503.686751
4006.128048,0.81,0.81,200,1509.072736
2622.781522,0.85,0.865,200,1513.713886
4074.619223,0.89,0.895,200,1518.30617
3956.520083,0.87,0.87,200,1522.935943
3636.027348,0.82,0.845,200,1528.225389
2519.078868,0.845,0.86,200,1532.935494
4109.780718,0.795,0.835,200,1537.830911
2947.913897,0.84,0.85,200,1542.41066
2544.602067,0.855,0.86,200,1547.800428
3529.06548,0.805,0.805,200,1552.49069
3526.94955,0.79,0.795,200,1557.204012
2621.122414,0.87,0.88,200,1561.915698
2434.736941,0.075,0.075,200,1567.238174
3966.963419,0.805,0.805,200,1571.975137
4124.494284,0.83,0.845,200,1576.622743
4002.515322,0.81,0.82,200,1581.33185
3769.735126,0.845,0.85,200,1586.762278
3788.805531,0.82,0.825,200,1591.42578
3140.755118,0.375,0.375,200,1596.233495
4087.708797,0.825,0.835,200,1600.805447
3553.193961,0.795,0.805,200,1606.215365
3943.332822,0.875,0.885,200,1610.762373
4137.92743,0.82,0.83,200,1615.397034
4136.01448,0.815,0.825,200,1620.135044
3037.142833,0.825,0.85,200,1625.418855
3260.681143,0.51,0.515,200,1630.204744
3971.281777,0.85,0.865,200,1634.973039
2547.441917,0.24,0.245,200,1639.67595
4057.235817,0.805,0.81,200,1645.115537
2562.421122,0.845,0.855,200,1649.936406
3503.875552,0.8,0.805,200,1654.786728
3586.197962,0.79,0.8,200,1659.522868
4100.668122,0.835,0.845,200,1664.935047
3238.855333,0.845,0.85,200,1669.65667
4019.442883,0.87,0.87,200,1674.383946
4050.129058,0.815,0.825,200,1679.0911
4151.431512,0.815,0.845,200,1684.492301
3938.633823,0.79,0.79,200,1689.107133
3442.457233,0.795,0.795,200,1693.862756
2619.764189,0.84,0.855,200,1698.523595
3560.666526,0.805,0.805,200,1704.167574
3465.00382,0.8,0.8,200,1708.844264
3494.043198,0.58,0.585,200,1713.624946
4140.007583,0.83,0.835,200,1718.418125
3625.40175,0.55,0.55,200,1723.87444
3717.366596,0.85,0.85,200,1728.493558
3931.283055,0.815,0.825,200,1733.028109
3903.688713,0.865,0.88,200,1737.71758
4178.783293,0.82,0.84,200,1742.923453
3630.066517,0.79,0.795,200,1747.555126
3485.001815,0.805,0.815,200,1752.13999
3542.634164,0.8,0.8,200,1756.772156
4168.820213,0.885,0.885,200,1762.053859
3949.043604,0.795,0.795,200,1766.649062
3826.697576,0.865,0.865,200,1771.233922
4078.049093,0.805,0.81,200,1775.817539
4120.581177,0.84,0.855,200,1781.117725
3786.117137,0.775,0.78,200,1785.873306
4000.581358,0.8,0.8,200,1790.641243
3207.908619,0.835,0.85,200,1795.172404
4088.285224,0.82,0.825,200,1800.446305
3732.504461,0.84,0.855,200,1805.067165
4181.236902,0.88,0.89,200,1809.793262
3174.825044,0.825,0.84,200,1814.495337
2630.856006,0.845,0.86,200,1819.867904
3621.297537,0.78,0.79,200,1824.502884
3096.113099,0.37,0.375,200,1829.104176
3198.836049,0.815,0.835,200,1833.607401
3613.345925,0.815,0.82,200,1839.012981
4172.201647,0.835,0.845,200,1843.691077
3680.00916,0.845,0.845,200,1848.314679
3394.233675,0.715,0.715,200,1852.956937
4094.406925,0.8,0.8,200,1858.326933
3380.990313,0.8,0.815,200,1862.944704
4030.201091,0.77,0.805,200,1867.520277
3623.18184,0.815,0.83,200,1872.321429
3918.497811,0.815,0.835,200,1877.630443
4186.944175,0.85,0.85,200,1882.420758
4189.501251,0.875,0.88,200,1887.19588
4222.785147,0.885,0.885,200,1891.901032
4197.487011,0.83,0.855,200,1897.213371
2953.981556,0.64,0.665,200,1901.856545
4124.837027,0.795,0.8,200,1906.465621
4106.550111,0.845,0.86,200,1911.134648
2658.367483,0.125,0.125,200,1916.293236
4126.274223,0.8,0.82,200,1920.80832
4076.172917,0.83,0.855,200,1925.386731
4171.498192,0.82,0.845,200,1929.980681
2953.136261,0.38,0.385,200,1935.383461
4102.061883,0.82,0.825,200,1940.057377
4074.076244,0.81,0.825,200,1944.582845
3571.341598,0.805,0.815,200,1949.076217
3893.312092,0.875,0.88,200,1954.226279
3935.07093,0.84,0.845,200,1958.761787
4056.419164,0.79,0.795,200,1963.437962
4094.244258,0.82,0.83,200,1968.008168
2689.584567,0.865,0.89,200,1973.228409
4035.281533,0.85,0.865,200,1977.798476
4092.385151,0.805,0.805,200,1982.388834
4113.803084,0.815,0.82,200,1987.066804
2604.568622,0.83,0.855,200,1992.257195
4159.205878,0.855,0.87,200,1996.7777
3240.280461,0.855,0.86,200,2001.402907
4181.06926,0.815,0.85,200,2005.902099
4108.65003,0.875,0.875,200,2011.155827
4077.498477,0.875,0.885,200,2015.750609
3698.331485,0.825,0.84,200,2020.320401
3657.220092,0.8,0.81,200,2024.864088
3193.148556,0.785,0.785,200,2030.04321
4022.732034,0.81,0.815,200,2034.55777
3151.958603,0.74,0.745,200,2039.142883
3717.938371,0.83,0.835,200,2043.712132
4086.297873,0.86,0.875,200,2049.066286
3619.052383,0.83,0.84,200,2053.786027
3601.248529,0.785,0.785,200,2058.375618
2585.893638,0.69,0.7,200,2062.950366
4115.881558,0.82,0.82,200,2068.38983
4141.633819,0.815,0.84,200,2073.016797
4072.141037,0.825,0.83,200,2077.45079
4117.819744,0.865,0.865,200,2081.841959
3980.009253,0.88,0.89,200,2087.084129
3180.229425,0.775,0.775,200,2091.730835
3137.695873,0.79,0.795,200,2096.291823
2165.819635,0.31,0.31,200,2100.950897
3437.929838,0.555,0.555,200,2106.246522
3671.317304,0.815,0.82,200,2110.558844
3994.915285,0.795,0.82,200,2115.022519
4134.248254,0.825,0.845,200,2119.411178
4077.889435,0.81,0.81,200,2124.534081
4145.945091,0.875,0.88,200,2129.100322
3952.175028,0.845,0.865,200,2133.389733
4157.807039,0.815,0.84,200,2137.768518
4066.381848,0.825,0.85,200,2142.91124
2395.687184,0.605,0.625,200,2147.390784
3533.38063,0.865,0.88,200,2151.948654
3631.946417,0.805,0.815,200,2156.452777
4104.546317,0.815,0.815,200,2161.656508
3540.008105,0.88,0.88,200,2166.260694
3989.507934,0.815,0.82,200,2170.833966
3532.713408,0.79,0.81,200,2175.430621
4244.38926,0.865,0.88,200,2180.986575
3043.640697,0.285,0.315,200,2185.544621
4022.041566,0.785,0.785,200,2190.016363
4085.471091,0.815,0.835,200,2194.549376
4143.511004,0.83,0.85,200,2199.722356
2601.674459,0.855,0.855,200,2204.187622
3990.211161,0.805,0.82,200,2208.760309
4139.963834,0.82,0.83,200,2213.259315
4154.519435,0.85,0.865,200,2218.403962
4081.951586,0.82,0.825,200,2222.968931
3477.76674,0.595,0.595,200,2227.342727
4175.103796,0.845,0.865,200,2231.890139
4161.667604,0.865,0.865,200,2237.011142
3728.965685,0.85,0.855,200,2241.498462
4169.709367,0.845,0.855,200,2246.134213
4035.878128,0.815,0.825,200,2250.515374
4227.720413,0.845,0.865,200,2255.738863
2560.697869,0.855,0.855,200,2260.338933
4099.5608,0.87,0.875,200,2264.87238
4124.105615,0.84,0.855,200,2269.320771
4178.343412,0.835,0.855,200,2274.362799
2546.169655,0.02,0.025,200,2278.663943
3438.983011,0.6,0.6,200,2282.950889
3587.585509,0.805,0.815,200,2287.229618
3684.067214,0.825,0.84,200,2292.443517
3585.98389,0.575,0.575,200,2296.780612
3457.148516,0.845,0.85,200,2301.08292
4204.590803,0.835,0.855,200,2305.478356
3625.714524,0.805,0.82,200,2310.423503
4253.88413,0.84,0.86,200,2314.719736
4068.828636,0.815,0.82,200,2318.992765
4072.291678,0.81,0.81,200,2323.348344
4023.819267,0.86,0.86,200,2328.305182
4062.423627,0.775,0.775,200,2332.689319
3947.538927,0.845,0.86,200,2337.002727
3677.005951,0.795,0.795,200,2341.385111
3856.077729,0.825,0.85,200,2346.343315
4071.140181,0.88,0.885,200,2350.710273
3157.559567,0.835,0.84,200,2354.962387
3274.023994,0.855,0.855,200,2359.27198
3569.713451,0.815,0.825,200,2364.428957
3560.48775,0.81,0.81,200,2368.988827
4026.555796,0.795,0.795,200,2373.646421
3061.285997,0.565,0.585,200,2378.039994
4173.954832,0.835,0.85,200,2383.112075
4050.010711,0.81,0.82,200,2387.576385
3590.756277,0.83,0.84,200,2392.156607
4063.69864,0.87,0.875,200,2396.605297
4077.321706,0.8,0.8,200,2401.942998
3682.498999,0.83,0.845,200,2406.266679
4169.415869,0.875,0.875,200,2410.75336
3801.486033,0.825,0.86,200,2415.129727
4114.245925,0.84,0.86,200,2420.075077
4142.962448,0.865,0.875,200,2424.317734
4139.759977,0.865,0.87,200,2428.801434
4232.145908,0.855,0.88,200,2433.231192
2978.292808,0.575,0.59,200,2438.306682
4100.00245,0.79,0.815,200,2442.734368
4231.291271,0.85,0.865,200,2447.158743
3856.965652,0.795,0.795,200,2451.64455
2649.371204,0.85,0.855,200,2456.8975
3995.34836,0.875,0.875,200,2461.36382
3596.770698,0.775,0.78,200,2465.762323
4259.608939,0.85,0.875,200,2470.233295
3755.219088,0.835,0.84,200,2475.27467
4220.195935,0.845,0.86,200,2479.967104
4149.427052,0.82,0.84,200,2484.618021
3902.003804,0.845,0.865,200,2488.97157
4166.559276,0.83,0.835,200,2494.030018
4000.515032,0.82,0.825,200,2498.518942
4130.248659,0.87,0.88,200,2502.977057
4140.991906,0.82,0.835,200,2507.436685
4273.275431,0.85,0.865,200,2512.595529
2888.916878,0.13,0.135,200,2516.993058
3679.563274,0.825,0.84,200,2521.32658
4011.665426,0.84,0.845,200,2525.835525
4194.233875,0.83,0.855,200,2531.218457
3103.785626,0.67,0.67,200,2535.78264
4259.509422,0.86,0.875,200,2540.219705
3602.115253,0.835,0.84,200,2544.82344
4083.192023,0.805,0.82,200,2549.987625
3048.99033,0.75,0.765,200,2554.433892
4093.69136,0.795,0.82,200,2558.813176
4095.091005,0.815,0.82,200,2563.333105
3609.146188,0.83,0.84,200,2568.524299
2487.246482,0.835,0.835,200,2572.99895
4245.814307,0.865,0.87,200,2577.656217
4032.28105,0.79,0.82,200,2582.225058
4251.913557,0.845,0.87,200,2587.493971
4068.964064,0.82,0.83,200,2592.08145
3690.924277,0.805,0.82,200,2596.737236
3638.200253,0.83,0.85,200,2601.257015
3625.117863,0.78,0.78,200,2606.535865
3576.996701,0.79,0.79,200,2611.111393
4226.777605,0.84,0.855,200,2615.716902
2542.810151,0.2,0.2,200,2620.32583
3096.795865,0.79,0.79,200,2625.567986
4185.922629,0.835,0.85,200,2630.027503
4167.930469,0.815,0.83,200,2634.739765
2979.609363,0.775,0.775,200,2639.426726
4131.768923,0.855,0.86,200,2644.817533
3500.283513,0.835,0.84,200,2649.47154
4185.176285,0.825,0.86,200,2654.215738
4083.340665,0.8,0.805,200,2658.975647
4094.32214,0.815,0.815,200,2664.301732
3610.548997,0.815,0.825,200,2669.040995
4079.502414,0.81,0.82,200,2673.786057
3672.534224,0.785,0.79,200,2678.454079
4220.590079,0.83,0.86,200,2683.825616
3554.274128,0.79,0.79,200,2688.491617
4235.842072,0.855,0.875,200,2693.155431
4169.803008,0.875,0.88,200,2697.716244
4125.638026,0.825,0.83,200,2702.962222
4222.407969,0.86,0.865,200,2707.521862
4196.412881,0.865,0.875,200,2712.225783
4144.744101,0.87,0.87,200,2716.904044
3645.785695,0.815,0.82,200,2722.115811
4052.788289,0.88,0.88,200,2726.556029
3088.319062,0.73,0.74,200,2731.195294
4177.330337,0.825,0.84,200,2735.821652
4226.020365,0.89,0.91,200,2741.220753
4211.946043,0.84,0.85,200,2746.005052
4002.155934,0.805,0.81,200,2750.791158
3123.895996,0.72,0.72,200,2755.489006
3721.858853,0.805,0.82,200,2761.072657
4188.102474,0.855,0.86,200,2765.864173
4198.956548,0.84,0.855,200,2770.407466
4159.473446,0.815,0.825,200,2775.271897
4108.23775,0.865,0.865,200,2780.762687
3430.81007,0.78,0.785,200,2785.521637
3765.94661,0.85,0.86,200,2790.242644
4252.30545,0.865,0.875,200,2794.918258
3780.05898,0.855,0.86,200,2800.283133
4184.617087,0.865,0.875,200,2804.844398
4084.54995,0.86,0.865,200,2809.459217
4116.953926,0.855,0.865,200,2814.089575
3456.399323,0.835,0.835,200,2819.509146
2649.638642,0.84,0.865,200,2824.142423
3829.233966,0.875,0.88,200,2828.781805
4236.732882,0.86,0.88,200,2833.518508
4187.654693,0.825,0.84,200,2838.939524
4074.52797,0.85,0.855,200,2843.712503
3989.726308,0.82,0.82,200,2848.308573
4248.667478,0.845,0.86,200,2853.017967
4118.336947,0.83,0.83,200,2858.449727
4085.817792,0.805,0.82,200,2863.24619
3201.402691,0.835,0.84,200,2868.048171
4252.995816,0.85,0.87,200,2872.848484
4028.379003,0.81,0.815,200,2878.552506
3732.106551,0.825,0.825,200,2883.430224
4278.44166,0.88,0.88,200,2888.11628
4287.610771,0.88,0.885,200,2892.921846
4097.250143,0.83,0.845,200,2898.329233
4209.668189,0.84,0.865,200,2903.063382
3621.922366,0.805,0.815,200,2907.734737
3807.03282,0.85,0.86,200,2912.385083
3686.748495,0.865,0.865,200,2917.618524
4124.577834,0.825,0.825,200,2922.294631
2614.736238,0.82,0.845,200,2927.104306
3664.117968,0.85,0.855,200,2931.75388
4128.916465,0.875,0.885,200,2936.892595
4196.655461,0.85,0.87,200,2941.651482
3207.550827,0.455,0.465,200,2946.301784
4092.691582,0.83,0.84,200,2951.0153
4280.160925,0.875,0.885,200,2956.327878
3698.951597,0.84,0.86,200,2960.977083
2894.072813,0.025,0.03,200,2965.664815
4144.169283,0.81,0.825,200,2970.480667
4265.221838,0.865,0.88,200,2975.878663
3620.079818,0.785,0.785,200,2980.461429
4259.270167,0.845,0.86,200,2985.070652
4273.412402,0.85,0.86,200,2989.63024
4290.756112,0.875,0.895,200,2994.920361
3712.063379,0.81,0.83,200,2999.805213
4287.747822,0.875,0.89,200,3004.528217
3696.153936,0.795,0.805,200,3009.154182
3726.836252,0.835,0.84,200,3014.489144
4036.048675,0.81,0.815,200,3018.960444
3774.471723,0.84,0.855,200,3023.390499
4181.693409,0.835,0.835,200,3028.038935
3890.616492,0.835,0.855,200,3033.184167
3642.873739,0.805,0.81,200,3037.723018
3966.565281,0.89,0.9,200,3042.334135
4144.89962,0.83,0.845,200,3046.952534
3745.729683,0.83,0.835,200,3052.042978
3702.970916,0.845,0.855,200,3056.608077
3732.361046,0.815,0.825,200,3061.233887
4083.161204,0.815,0.815,200,3065.897283
3500.785355,0.855,0.86,200,3071.096681
4277.494751,0.865,0.88,200,3075.815746
3895.098777,0.855,0.855,200,3080.311635
4036.931948,0.8,0.81,200,3084.851022
4182.558786,0.845,0.85,200,3090.017481
3692.616323,0.835,0.84,200,3094.573182
3687.409101,0.79,0.8,200,3099.048076
3704.131759,0.84,0.84,200,3103.627516
3754.590079,0.85,0.85,200,3108.76371
4240.358045,0.835,0.855,200,3113.400014
4147.246503,0.83,0.84,200,3118.006897
4097.110754,0.83,0.835,200,3122.633969
4183.054007,0.825,0.84,200,3128.044341
3424.723647,0.715,0.72,200,3132.591751
4129.100528,0.815,0.815,200,3137.143766
4170.467322,0.865,0.88,200,3141.558697
3912.926518,0.845,0.87,200,3146.767974
4282.253981,0.845,0.865,200,3151.243982
4072.378413,0.845,0.85,200,3155.650346
4122.959917,0.835,0.835,200,3160.116745
4219.11182,0.85,0.855,200,3165.327775
3646.02319,0.79,0.8,200,3169.794793
2030.203313,0.305,0.31,200,3174.349203
4093.49739,0.85,0.855,200,3179.003649
4240.389436,0.85,0.875,200,3184.314099
3661.960935,0.8,0.81,200,3188.710437
3709.530017,0.83,0.835,200,3193.053554
4262.860297,0.85,0.86,200,3197.559759
3440.753869,0.825,0.85,200,3202.568989
4224.688393,0.845,0.86,200,3207.025223
4120.089404,0.815,0.825,200,3211.528107
4091.319053,0.875,0.875,200,3215.9524
4264.371062,0.845,0.87,200,3221.149724
3710.703108,0.815,0.815,200,3225.867022
4169.057778,0.82,0.835,200,3230.592072
3003.66418,0.285,0.285,200,3235.26086
3741.928339,0.855,0.86,200,3240.752298
4335.517878,0.865,0.88,200,3245.361288
3717.795131,0.8,0.81,200,3250.068609
4209.848714,0.835,0.845,200,3254.791799
3700.007404,0.8,0.805,200,3260.107908
3661.740732,0.775,0.785,200,3264.798728
3727.464073,0.825,0.835,200,3269.484169
4077.148296,0.79,0.805,200,3274.142163
4232.860769,0.885,0.89,200,3279.270492
4149.381326,0.855,0.875,200,3283.749182
4005.646277,0.81,0.82,200,3288.322104
4100.368925,0.815,0.82,200,3293.003823
3580.077656,0.85,0.865,200,3298.386075
3476.012823,0.565,0.565,200,3302.943171
4060.954439,0.86,0.875,200,3307.650487
4259.919125,0.855,0.875,200,3312.360461
3727.471027,0.825,0.84,200,3317.664893
3759.834903,0.845,0.85,200,3322.322029
4239.080527,0.85,0.865,200,3326.994841
3516.160634,0.565,0.565,200,3331.714832
3663.852877,0.795,0.815,200,3337.079998
4122.202435,0.82,0.83,200,3341.754835
4276.844478,0.875,0.89,200,3346.228871
2847.510815,0.78,0.78,200,3350.755013
3685.490783,0.825,0.825,200,3356.310961
3982.120903,0.845,0.845,200,3360.833257
4267.922099,0.835,0.865,200,3365.421571
3678.30092,0.825,0.83,200,3369.973005
3695.113539,0.795,0.805,200,3375.161471
3757.433908,0.845,0.855,200,3379.688207
3698.598942,0.825,0.835,200,3384.149526
4204.251342,0.83,0.85,200,3388.807569
4130.669402,0.865,0.87,200,3394.182076
3753.22876,0.845,0.855,200,3398.916988
3706.832432,0.805,0.82,200,3403.456287
3646.879748,0.83,0.83,200,3408.10662
4012.821802,0.845,0.845,200,3413.142283
3668.294461,0.835,0.85,200,3417.788315
3664.170641,0.825,0.84,200,3422.488686
4179.590008,0.835,0.84,200,3427.078313
3779.197143,0.855,0.865,200,3432.426947
4272.108413,0.855,0.87,200,3437.161505
4251.444659,0.87,0.88,200,3441.805686
4197.373058,0.845,0.85,200,3446.462271
3657.301468,0.84,0.845,200,3451.750052
3220.620374,0.445,0.455,200,3456.247728
3799.32208,0.84,0.855,200,3460.887702
4095.14717,0.81,0.81,200,3465.48549
3716.712058,0.84,0.85,200,3470.711517
3700.995171,0.835,0.835,200,3475.446033
4023.643875,0.795,0.81,200,3479.962688
3720.654484,0.815,0.82,200,3484.410327
3173.599199,0.3,0.3,200,3489.606956
4174.20219,0.82,0.82,200,3493.947787
4124.798141,0.805,0.82,200,3498.260165
3782.873238,0.845,0.845,200,3502.532076
3334.190637,0.845,0.865,200,3507.568597
4213.986176,0.825,0.845,200,3511.850809
3648.511097,0.8,0.81,200,3516.265115
4229.716511,0.845,0.865,200,3520.617909
4314.068699,0.885,0.885,200,3525.672528
4203.935424,0.875,0.89,200,3530.115137
4291.430417,0.9,0.9,200,3534.4711
3713.091227,0.81,0.82,200,3538.763376
4091.185866,0.805,0.81,200,3543.728538
3625.739985,0.795,0.795,200,3548.081212
2798.495818,0.015,0.015,200,3552.452956
4249.903706,0.835,0.865,200,3556.87227
4168.13637,0.895,0.895,200,3561.914417
4277.218425,0.89,0.89,200,3566.17349
4240.937113,0.86,0.87,200,3570.445229
3706.345553,0.825,0.845,200,3574.859423
4156.038541,0.815,0.82,200,3579.781629
4251.778737,0.885,0.89,200,3584.111022
4109.392281,0.845,0.87,200,3588.480567
4078.965545,0.77,0.785,200,3592.753314
4139.416239,0.815,0.815,200,3597.884151
4246.078003,0.85,0.86,200,3602.194892
4126.511781,0.8,0.805,200,3606.59039
3740.596125,0.845,0.855,200,3610.960986
3725.777439,0.825,0.84,200,3615.927421
3761.434158,0.825,0.84,200,3620.181373
3685.215427,0.81,0.83,200,3624.482042
3641.839311,0.785,0.79,200,3628.745855
3761.095487,0.835,0.845,200,3633.747441
3682.144953,0.74,0.745,200,3638.138102
4299.646293,0.88,0.885,200,3642.602674
4111.135345,0.795,0.805,200,3646.930284
4047.344513,0.905,0.905,200,3651.8885
4161.11689,0.815,0.835,200,3656.199886
3693.730613,0.795,0.805,200,3660.432683
4059.731126,0.835,0.865,200,3664.702167
4081.821949,0.82,0.83,200,3669.806796
4170.55647,0.87,0.87,200,3674.172079
4174.276155,0.84,0.855,200,3678.510409
4158.806169,0.82,0.83,200,3682.761445
4099.186155,0.81,0.81,200,3687.647704
3729.851912,0.83,0.835,200,3692.082056
2889.066917,0.535,0.555,200,3696.378236
4265.933201,0.865,0.875,200,3700.735801
3794.380228,0.835,0.86,200,3705.915403
4335.938567,0.895,0.9,200,3710.228231
3534.459318,0.79,0.795,200,3714.535387
4255.613794,0.87,0.87,200,3718.792426
4272.412584,0.865,0.885,200,3723.834172
3766.453829,0.85,0.85,200,3728.191202
3753.343142,0.825,0.83,200,3732.572604
4347.204331,0.895,0.91,200,3736.918036
4270.788803,0.85,0.855,200,3741.883983
3766.870264,0.84,0.845,200,3746.173649
4260.404959,0.875,0.885,200,3750.464074
4252.008635,0.865,0.865,200,3754.776717
3414.864725,0.845,0.855,200,3759.749063
4255.234789,0.855,0.87,200,3763.973414
3672.001594,0.805,0.81,200,3768.294968
3752.759164,0.83,0.83,200,3772.530004
4269.999218,0.89,0.9,200,3777.588729
4032.590721,0.795,0.795,200,3782.037759
4205.672514,0.845,0.86,200,3786.422382
4351.462142,0.895,0.905,200,3790.781641
3684.475364,0.815,0.825,200,3795.789211
3774.408991,0.845,0.845,200,3800.146875
4264.772552,0.88,0.89,200,3804.470348
4112.051837,0.8,0.8,200,3808.766272
3737.499458,0.825,0.825,200,3813.959392
4238.292456,0.84,0.86,200,3818.313172
4103.94385,0.805,0.82,200,3822.709953
4100.405554,0.85,0.86,200,3827.028611
4091.354683,0.8,0.8,200,3832.085368
4260.888049,0.855,0.86,200,3836.38603
4279.066694,0.87,0.87,200,3840.639755
3728.735723,0.795,0.815,200,3844.994933
4186.465858,0.815,0.825,200,3849.99267
3211.610229,0.46,0.48,200,3854.238913
4186.761335,0.825,0.83,200,3858.682469
4272.164211,0.885,0.89,200,3863.117393
4229.577263,0.855,0.87,200,3868.124322
4099.157498,0.825,0.83,200,3872.526534
3466.633352,0.535,0.54,200,3876.806637
3700.474073,0.825,0.83,200,3881.142212
4198.813407,0.81,0.835,200,3886.068126
4199.090773,0.845,0.85,200,3890.399196
3672.384253,0.785,0.79,200,3894.734182
4290.357104,0.875,0.88,200,3899.193633
