# {"t_start": 1755727297.33451, "env_id": "graff-v0"} 
r,obj_lift,obj_grab,l,t
25.71724,0.0,0.0,200,120.807077
17.757898,0.01,0.01,200,222.82531
4.029255,0.0,0.0,200,320.204898
-16.171895,0.0,0.0,200,417.136435
17.984202,0.0,0.0,200,513.744777
-4.997708,0.0,0.0,200,606.518243
-7.342242,0.0,0.0,200,699.005023
12.104031,0.005,0.005,200,789.636517
17.736563,0.01,0.01,200,879.523431
23.765126,0.01,0.01,200,969.907021
-5.227784,0.0,0.0,200,1062.42314
16.483717,0.0,0.02,200,1151.711559
22.109009,0.0,0.015,200,1243.245171
42.161961,0.055,0.105,200,1330.017819
1.216326,0.0,0.0,200,1418.313288
4.632533,0.0,0.0,200,1507.002069
10.523293,0.0,0.0,200,1596.327605
12.282235,0.0,0.0,200,1684.41614
-13.544916,0.0,0.0,200,1771.929135
-16.051145,0.0,0.0,200,1859.804835
12.000319,0.01,0.015,200,1951.406343
-32.04319,0.0,0.0,200,2036.827554
-63.926702,0.0,0.0,181,2114.056084
-60.63187,0.0,0.0,190,2195.436551
34.543789,0.01,0.055,200,2282.922372
-32.229987,0.0,0.0,171,2357.257244
30.155713,0.0,0.03,200,2445.207283
-41.456844,0.0,0.0,171,2522.227659
-58.43082,0.0,0.0,197,2609.843965
-43.534259,0.0,0.0,200,2696.130738
-43.767445,0.0,0.0,136,2754.848382
-61.654141,0.0,0.0,200,2844.330694
30.561184,0.005,0.025,200,2930.5317
23.679994,0.005,0.025,200,3017.826093
11.666283,0.0,0.0,200,3102.940776
-62.273541,0.0,0.0,200,3190.334406
25.552643,0.0,0.025,200,3275.02922
24.646188,0.005,0.025,200,3360.621134
-64.055717,0.0,0.0,200,3447.923059
30.522064,0.005,0.045,200,3534.003716
29.119188,0.01,0.045,200,3621.023484
29.99124,0.005,0.015,200,3709.804321
25.212144,0.0,0.02,200,3796.530634
29.852351,0.0,0.04,200,3883.619066
48.775526,0.025,0.115,200,3971.629174
33.963648,0.02,0.07,200,4059.434294
29.839178,0.005,0.04,200,4145.835145
21.746567,0.005,0.01,200,4231.936246
25.96589,0.005,0.03,200,4317.918318
36.214308,0.005,0.05,200,4404.029591
28.328431,0.005,0.025,200,4490.031273
-31.438739,0.0,0.0,200,4580.701697
-5.577815,0.0,0.0,200,4666.453383
35.6548,0.01,0.035,200,4753.518984
34.266795,0.005,0.035,200,4838.223117
37.971883,0.01,0.01,200,4922.45032
23.447091,0.0,0.015,200,5009.409232
28.939825,0.015,0.045,200,5096.025048
33.789383,0.005,0.03,200,5182.618125
-25.887705,0.0,0.0,200,5268.432185
28.172842,0.005,0.035,200,5354.633839
-34.91346,0.0,0.0,200,5441.635556
-29.947988,0.0,0.0,200,5531.907579
-51.785259,0.0,0.0,200,5619.139364
26.755839,0.0,0.01,200,5705.231884
29.24934,0.01,0.04,200,5791.019731
31.571523,0.005,0.03,200,5877.623655
33.858147,0.02,0.05,200,5963.635116
32.42596,0.01,0.025,200,6051.200128
41.721862,0.03,0.1,200,6138.304532
31.487974,0.01,0.035,200,6225.440999
31.29445,0.01,0.025,200,6311.304502
-26.452134,0.0,0.0,200,6399.110631
27.83896,0.0,0.045,200,6486.238584
37.439063,0.005,0.055,200,6573.010891
35.145102,0.025,0.04,200,6660.104257
-13.505987,0.0,0.0,200,6747.009363
30.768195,0.0,0.025,200,6832.051274
26.837768,0.0,0.005,200,6917.911914
32.633637,0.005,0.03,200,7003.199769
35.065394,0.01,0.055,200,7090.805861
-28.188707,0.0,0.0,200,7176.325211
37.82987,0.005,0.055,200,7264.744151
31.912227,0.005,0.05,200,7351.441944
-15.392284,0.0,0.0,200,7437.038762
40.725417,0.03,0.03,200,7522.604563
27.175739,0.0,0.005,200,7610.234432
41.23196,0.02,0.07,200,7696.213721
41.580526,0.015,0.06,200,7784.71174
31.783044,0.01,0.035,200,7871.726719
41.113157,0.015,0.08,200,7957.904454
-25.167966,0.0,0.0,200,8043.569011
30.471838,0.0,0.005,200,8133.525138
26.093297,0.0,0.005,200,8219.838007
-39.042614,0.0,0.0,200,8305.940264
-41.703668,0.0,0.0,200,8393.253296
32.933233,0.0,0.0,200,8477.440794
37.585241,0.0,0.035,200,8564.435256
-34.477027,0.0,0.0,200,8651.847116
-18.286763,0.0,0.0,200,8738.820519
50.21238,0.025,0.11,200,8824.626737
32.32469,0.0,0.025,200,8909.71749
58.979359,0.04,0.155,200,8995.217696
30.148085,0.0,0.0,200,9084.517375
28.60477,0.0,0.02,200,9171.209539
45.786498,0.015,0.08,200,9257.307554
43.108366,0.01,0.07,200,9342.931833
42.1648,0.005,0.02,200,9428.633186
38.657372,0.02,0.07,200,9513.630774
-26.338511,0.0,0.0,200,9598.705398
30.472639,0.01,0.02,200,9685.129982
37.134367,0.015,0.08,200,9770.816471
-41.295889,0.0,0.0,200,9854.405937
-42.330498,0.0,0.0,200,9944.716187
28.265834,0.005,0.01,200,10030.914157
42.93623,0.03,0.09,200,10115.628863
46.528125,0.005,0.065,200,10202.42691
45.709797,0.005,0.095,200,10288.026787
36.191698,0.0,0.04,200,10373.302899
37.882284,0.005,0.045,200,10459.605705
-15.94864,0.0,0.0,200,10545.82663
30.636304,0.01,0.025,200,10631.828838
35.066929,0.01,0.04,200,10717.847241
45.117839,0.01,0.085,200,10807.63271
-37.472029,0.0,0.0,200,10894.334418
36.225425,0.0,0.01,200,10981.13891
41.527257,0.005,0.035,200,11067.307376
44.236226,0.04,0.075,200,11153.943067
37.862436,0.01,0.035,200,11240.233009
32.274218,0.005,0.015,200,11325.919209
42.915999,0.015,0.045,200,11410.632401
34.351511,0.0,0.015,200,11495.107083
40.349805,0.0,0.03,200,11581.340319
37.435746,0.0,0.01,200,11669.604861
44.453225,0.015,0.075,200,11755.120551
37.060049,0.0,0.0,200,11840.62943
46.696653,0.025,0.06,200,11927.820398
27.217041,0.01,0.015,200,12014.65383
42.731913,0.005,0.065,200,12102.008971
41.658602,0.005,0.025,200,12188.451998
43.523487,0.0,0.0,200,12274.726454
30.393496,0.005,0.005,200,12360.530003
41.681041,0.035,0.06,200,12447.301815
49.183692,0.03,0.09,200,12534.034798
39.098391,0.005,0.02,200,12622.35605
41.091986,0.02,0.035,200,12708.016705
36.394726,0.005,0.005,200,12794.437039
45.016724,0.02,0.03,200,12879.450182
40.869915,0.04,0.065,200,12965.418799
44.903886,0.015,0.03,200,13050.712145
-1.88073,0.0,0.0,200,13136.240122
46.607349,0.015,0.015,200,13222.540631
-28.165635,0.0,0.0,200,13308.531737
35.599581,0.0,0.005,200,13394.42282
41.570136,0.0,0.005,200,13484.536714
-28.857214,0.0,0.0,200,13569.824937
53.387679,0.01,0.01,200,13655.345274
-7.294138,0.0,0.0,200,13740.730458
-24.400061,0.0,0.0,200,13826.51835
-5.763861,0.0,0.0,200,13912.631169
62.968244,0.08,0.08,200,13999.751832
35.044377,0.0,0.01,200,14085.326497
44.911514,0.005,0.055,200,14171.803651
48.431607,0.05,0.055,200,14257.729446
0.256412,0.0,0.0,200,14347.550363
56.395555,0.02,0.055,200,14433.619228
-28.018887,0.0,0.0,200,14520.036744
58.570038,0.04,0.04,200,14605.612386
45.841258,0.01,0.045,200,14691.731634
44.009741,0.01,0.035,200,14777.610635
-6.65327,0.0,0.0,200,14863.932193
-17.435396,0.0,0.0,200,14949.821714
46.542531,0.01,0.045,200,15037.444713
45.541533,0.005,0.025,200,15122.334228
-8.511106,0.0,0.0,200,15212.522739
-14.272132,0.0,0.0,200,15297.737157
11.590552,0.0,0.0,200,15383.530442
55.885913,0.01,0.01,200,15469.943149
54.268358,0.02,0.045,200,15556.42583
46.436489,0.005,0.02,200,15642.914127
55.42753,0.005,0.005,200,15729.26942
36.413136,0.0,0.0,200,15816.221722
36.240283,0.0,0.01,200,15900.608622
48.028401,0.02,0.035,200,15986.516026
53.121158,0.04,0.05,200,16072.209455
59.227526,0.06,0.065,200,16161.315228
57.868598,0.025,0.075,200,16248.530293
60.735412,0.07,0.155,200,16335.51702
51.871602,0.01,0.07,200,16421.109339
1.859073,0.0,0.0,200,16504.922708
60.660647,0.065,0.075,200,16591.120602
63.436809,0.05,0.05,200,16677.322798
46.770473,0.0,0.01,200,16763.663671
52.906763,0.045,0.045,200,16849.519433
53.278618,0.04,0.045,200,16936.234601
50.323856,0.015,0.035,200,17025.741487
58.877041,0.025,0.05,200,17112.435439
57.299732,0.035,0.04,200,17198.827243
-10.332554,0.0,0.0,200,17284.321682
50.901432,0.0,0.0,200,17369.133216
58.097348,0.02,0.02,200,17454.336823
57.584675,0.05,0.07,200,17540.431029
48.825848,0.0,0.005,200,17626.529898
52.666809,0.025,0.03,200,17714.503568
61.809748,0.015,0.015,200,17799.845228
51.895099,0.005,0.015,200,17888.435446
63.65422,0.015,0.115,200,17973.20445
64.398056,0.015,0.015,200,18060.360046
52.812582,0.015,0.03,200,18147.615434
4.925124,0.0,0.0,200,18234.106378
49.443973,0.0,0.02,200,18319.618191
63.443313,0.045,0.045,200,18403.919443
59.710344,0.035,0.045,200,18489.203632
46.368274,0.035,0.06,200,18574.020732
67.782047,0.055,0.055,200,18658.628065
62.277656,0.01,0.01,200,18746.959148
10.367887,0.0,0.0,200,18832.837129
66.999365,0.025,0.065,200,18919.215425
64.063518,0.03,0.055,200,19003.204213
55.348074,0.01,0.025,200,19086.435688
61.464569,0.045,0.05,200,19172.921233
53.636312,0.02,0.02,200,19257.721937
63.862689,0.04,0.04,200,19343.235561
61.758645,0.01,0.01,200,19429.159782
16.079119,0.0,0.0,200,19514.5483
58.301074,0.045,0.06,200,19599.914091
45.563663,0.035,0.045,200,19688.509587
65.529547,0.0,0.0,200,19774.919328
55.864311,0.01,0.015,200,19859.831736
67.199767,0.005,0.005,200,19946.630059
-3.438146,0.0,0.0,200,20030.735087
49.194081,0.03,0.055,200,20116.203005
-0.497574,0.0,0.0,200,20203.006901
9.648242,0.0,0.0,200,20288.537127
71.159549,0.0,0.0,200,20372.871475
77.302432,0.0,0.0,200,20459.111604
55.805077,0.01,0.015,200,20548.233299
54.889899,0.015,0.02,200,20632.328574
14.22288,0.0,0.0,200,20718.205442
63.322492,0.045,0.045,200,20801.90727
61.398642,0.02,0.025,200,20887.803621
57.858109,0.02,0.025,200,20973.005857
64.122506,0.0,0.0,200,21059.26147
54.82694,0.01,0.01,200,21143.7238
13.72366,0.0,0.0,200,21228.939717
5.695969,0.0,0.0,200,21314.712883
84.071217,0.1,0.215,200,21403.305968
68.988592,0.03,0.03,200,21488.41213
63.497149,0.035,0.04,200,21574.315061
69.581142,0.065,0.065,200,21659.630619
63.400243,0.02,0.02,200,21743.62974
72.918392,0.08,0.16,200,21828.518253
61.460114,0.015,0.025,200,21914.403991
65.671305,0.005,0.005,200,22001.947481
16.291353,0.0,0.0,200,22088.338552
71.662896,0.055,0.06,200,22172.832294
59.439117,0.025,0.025,200,22262.426158
69.985353,0.0,0.0,200,22349.059403
59.75421,0.035,0.04,200,22435.719664
16.684123,0.0,0.0,200,22522.252141
59.407609,0.01,0.01,200,22607.826511
68.107174,0.0,0.0,200,22693.545801
11.842057,0.0,0.0,200,22780.263031
63.164147,0.015,0.02,200,22867.532948
69.116244,0.005,0.005,200,22955.654038
62.320539,0.045,0.055,200,23041.110942
59.568228,0.005,0.01,200,23129.838048
62.126397,0.025,0.025,200,23220.804959
8.476814,0.0,0.0,200,23307.841265
65.966391,0.05,0.13,200,23395.023509
70.310569,0.055,0.09,200,23481.521709
73.974849,0.015,0.015,200,23570.320637
76.551326,0.0,0.0,200,23658.929475
50.115281,0.015,0.015,200,23747.024113
74.141622,0.0,0.0,200,23835.842777
76.283353,0.035,0.04,200,23922.931705
11.572045,0.0,0.0,200,24011.748084
66.945669,0.025,0.03,200,24101.511555
15.504616,0.0,0.0,200,24188.018896
14.954726,0.0,0.0,200,24276.665807
66.871971,0.005,0.005,200,24365.801297
41.69892,0.0,0.0,200,24451.723963
12.172223,0.0,0.0,200,24539.059484
60.11709,0.0,0.015,200,24627.222974
56.44432,0.04,0.045,200,24714.710953
91.492386,0.0,0.0,200,24801.84079
77.328058,0.02,0.02,200,24887.524712
67.671532,0.04,0.095,200,24976.63954
56.803001,0.07,0.07,200,25062.416543
22.826095,0.0,0.0,200,25150.415251
28.139693,0.0,0.0,200,25237.739156
69.693708,0.02,0.02,200,25323.936731
87.716595,0.0,0.0,200,25410.216985
20.987432,0.0,0.0,200,25497.028684
96.475426,0.0,0.0,200,25583.038725
88.824178,0.0,0.0,200,25668.218566
89.848552,0.0,0.0,200,25754.674224
96.849166,0.0,0.0,200,25845.203975
79.018381,0.0,0.0,200,25930.82763
64.669319,0.02,0.025,200,26015.243562
34.067348,0.0,0.0,200,26100.649583
88.178278,0.0,0.0,200,26188.977617
92.294376,0.0,0.0,200,26274.10782
25.445067,0.0,0.0,200,26360.15072
90.990317,0.0,0.0,200,26445.42423
98.249663,0.0,0.0,200,26531.533142
98.994404,0.0,0.0,200,26618.01765
89.096342,0.0,0.0,200,26707.2186
25.70722,0.0,0.0,200,26791.548535
87.409628,0.0,0.0,200,26877.523525
95.843921,0.0,0.0,200,26962.43779
84.17692,0.0,0.0,200,27047.730041
86.11839,0.0,0.0,200,27133.039001
95.90007,0.0,0.0,200,27218.328022
23.157033,0.0,0.0,200,27304.641077
91.311932,0.0,0.0,200,27388.913283
79.656444,0.075,0.09,200,27474.02362
94.063441,0.0,0.0,200,27560.924835
33.494256,0.0,0.0,200,27650.523655
99.554237,0.0,0.0,200,27735.105064
95.261106,0.0,0.0,200,27819.920607
97.625236,0.0,0.0,200,27905.127264
95.121388,0.0,0.0,200,27989.004432
32.959,0.0,0.0,200,28074.346829
93.2799,0.125,0.125,200,28157.930955
74.881776,0.055,0.075,200,28242.627487
97.209256,0.0,0.0,200,28327.31177
92.85151,0.0,0.0,200,28412.14514
94.963948,0.0,0.0,200,28501.500739
99.818407,0.0,0.0,200,28585.018362
98.222447,0.0,0.0,200,28670.504633
94.10389,0.0,0.0,200,28755.862138
94.427675,0.0,0.0,200,28840.449601
97.814262,0.0,0.0,200,28925.403964
82.428565,0.06,0.07,200,29012.117669
78.711331,0.01,0.01,200,29099.228448
39.121127,0.0,0.0,200,29184.741001
78.408608,0.0,0.01,200,29271.205699
100.238127,0.0,0.0,200,29357.911091
98.563207,0.115,0.16,200,29442.628936
44.221206,0.0,0.0,200,29526.344659
92.753322,0.0,0.0,200,29612.866241
91.270059,0.0,0.0,200,29697.804532
97.091389,0.0,0.0,200,29783.023264
100.700251,0.0,0.0,200,29869.115393
34.365638,0.0,0.0,200,29952.944434
99.911637,0.0,0.0,200,30038.215775
97.233842,0.0,0.0,200,30120.815072
100.702207,0.1,0.175,200,30209.759763
43.036628,0.0,0.0,200,30294.135629
100.526797,0.0,0.0,200,30378.225188
98.846149,0.0,0.0,200,30462.623167
83.462869,0.025,0.025,200,30547.114092
97.928129,0.0,0.0,200,30631.144499
97.189289,0.0,0.0,200,30715.418151
97.214572,0.0,0.0,200,30801.306271
101.358194,0.0,0.0,200,30885.931428
96.137518,0.0,0.0,200,30971.134815
96.862995,0.0,0.0,200,31056.43891
101.273528,0.0,0.0,200,31143.625179
73.603549,0.0,0.0,200,31228.33352
101.561161,0.0,0.0,200,31314.000582
96.682156,0.0,0.0,200,31399.758136
98.790881,0.0,0.0,200,31483.62037
99.873548,0.0,0.0,200,31567.525963
102.583527,0.0,0.0,200,31650.318024
100.670882,0.0,0.0,200,31735.703992
94.784503,0.0,0.0,200,31820.759749
40.161655,0.0,0.0,200,31908.014884
40.465676,0.0,0.0,200,31995.640393
101.566941,0.0,0.0,200,32079.502099
94.291271,0.0,0.0,200,32163.54688
94.585302,0.0,0.0,200,32248.501188
95.796159,0.0,0.0,200,32333.228626
100.606638,0.0,0.0,200,32417.226342
95.70579,0.0,0.0,200,32501.211888
100.308155,0.0,0.0,200,32584.602286
95.455387,0.0,0.0,200,32669.84029
95.81465,0.0,0.0,200,32756.025358
34.198662,0.0,0.0,200,32843.433634
65.488306,0.02,0.055,200,32927.717866
99.149551,0.0,0.0,200,33011.918724
93.150017,0.0,0.0,200,33097.340696
38.713634,0.0,0.0,200,33184.156746
98.025558,0.0,0.0,200,33269.915767
96.181622,0.0,0.0,200,33356.314849
98.275604,0.0,0.0,200,33440.926063
95.534906,0.0,0.0,200,33525.626578
94.123441,0.0,0.0,200,33611.670696
96.371542,0.0,0.0,200,33701.607298
96.304815,0.0,0.0,200,33785.423756
99.394376,0.0,0.0,200,33870.709799
97.189959,0.0,0.0,200,33954.448346
96.971426,0.0,0.0,200,34039.236452
100.839843,0.0,0.0,200,34124.508273
99.412681,0.0,0.0,200,34210.808587
95.076984,0.0,0.0,200,34295.409284
95.095453,0.0,0.0,200,34383.267634
96.618336,0.0,0.0,200,34468.753622
93.745135,0.0,0.0,200,34553.408406
97.25818,0.0,0.0,200,34640.708937
94.190513,0.0,0.0,200,34726.832837
100.43821,0.0,0.0,200,34811.417563
100.940405,0.0,0.0,200,34896.023515
101.465801,0.0,0.0,200,34983.023244
102.325396,0.0,0.0,200,35069.102614
92.898023,0.0,0.0,200,35154.536152
100.692747,0.0,0.0,200,35240.030176
98.580307,0.0,0.0,200,35324.721471
98.376523,0.0,0.0,200,35411.638018
101.12005,0.0,0.0,200,35501.321485
41.847354,0.0,0.0,200,35589.50463
93.364308,0.0,0.0,200,35677.432098
101.14202,0.0,0.0,200,35764.030579
100.474785,0.0,0.0,200,35849.926408
96.013697,0.0,0.0,200,35935.743429
101.262945,0.0,0.0,200,36022.821706
91.805484,0.0,0.0,200,36110.109513
100.912178,0.0,0.0,200,36196.711927
102.534179,0.0,0.0,200,36281.117726
100.154009,0.0,0.0,200,36367.230863
100.973803,0.0,0.0,200,36454.405271
101.258697,0.0,0.0,200,36539.325633
102.019123,0.0,0.0,200,36626.209061
101.254146,0.0,0.0,200,36711.107913
95.976959,0.0,0.0,200,36798.00693
99.123301,0.0,0.0,200,36881.526531
96.040127,0.0,0.0,200,36966.81512
92.942971,0.0,0.0,200,37052.3593
98.462579,0.0,0.0,200,37139.812714
96.815037,0.0,0.0,200,37229.636101
100.898169,0.0,0.0,200,37315.704889
100.92804,0.0,0.0,200,37400.916258
96.261828,0.0,0.0,200,37489.450265
101.140827,0.0,0.0,200,37577.61071
36.87913,0.0,0.0,200,37663.347736
101.540375,0.0,0.0,200,37747.93175
97.900219,0.0,0.0,200,37832.121948
93.241164,0.0,0.0,200,37917.240918
47.306875,0.0,0.0,200,38003.155962
92.093462,0.0,0.0,200,38088.222183
98.355264,0.0,0.0,200,38175.930149
101.912844,0.0,0.0,200,38263.304149
97.765643,0.0,0.0,200,38347.30476
98.272225,0.0,0.0,200,38432.329707
97.960182,0.0,0.0,200,38516.618816
103.161049,0.0,0.0,200,38601.729256
99.703834,0.0,0.0,200,38686.71535
95.331083,0.0,0.0,200,38771.203664
102.85298,0.0,0.0,200,38854.931289
101.808446,0.0,0.0,200,38940.517864
97.373399,0.0,0.0,200,39029.03618
101.198294,0.0,0.0,200,39113.414118
95.116335,0.0,0.0,200,39198.437584
104.429056,0.0,0.0,200,39283.004795
92.797792,0.0,0.0,200,39369.337024
101.752139,0.0,0.0,200,39453.422624
100.458137,0.0,0.0,200,39538.52707
101.622717,0.0,0.0,200,39623.203954
98.959221,0.0,0.0,200,39707.403097
103.252144,0.0,0.0,200,39792.718099
99.85552,0.0,0.0,200,39879.827347
95.399167,0.0,0.0,200,39966.438441
94.214933,0.0,0.0,200,40049.7428
93.707289,0.0,0.0,200,40133.237693
100.122226,0.0,0.0,200,40220.122799
102.828775,0.0,0.0,200,40304.404799
96.554737,0.0,0.0,200,40389.707917
96.800426,0.0,0.0,200,40474.514103
94.2353,0.0,0.0,200,40560.025988
97.880807,0.0,0.0,200,40644.22606
101.020278,0.0,0.0,200,40732.517064
95.608862,0.0,0.0,200,40821.740799
101.183287,0.0,0.0,200,40908.93719
102.888642,0.0,0.0,200,40995.918573
102.941453,0.0,0.0,200,41082.224004
93.19702,0.0,0.0,200,41168.8517
98.390339,0.0,0.0,200,41254.621065
96.448152,0.0,0.0,200,41341.5123
95.325479,0.0,0.0,200,41427.848981
99.961837,0.0,0.0,200,41515.015646
105.330512,0.0,0.0,200,41601.509402
90.329312,0.0,0.0,200,41692.261374
100.495616,0.0,0.0,200,41778.207875
102.369584,0.0,0.0,200,41864.110068
96.239009,0.0,0.0,200,41950.305402
100.227346,0.0,0.0,200,42036.115184
42.194128,0.0,0.0,200,42121.645456
102.094633,0.0,0.0,200,42208.227417
101.909131,0.0,0.0,200,42293.731631
100.824299,0.0,0.0,200,42381.024728
95.43862,0.0,0.0,200,42464.528737
102.293385,0.0,0.0,200,42554.111054
104.669198,0.0,0.0,200,42641.127667
97.358088,0.0,0.0,200,42726.867022
97.081112,0.0,0.0,200,42812.068121
104.627246,0.0,0.0,200,42897.616246
95.489931,0.0,0.0,200,42982.542588
100.393321,0.0,0.0,200,43068.807141
96.627083,0.0,0.0,200,43155.246871
98.277525,0.0,0.0,200,43240.355724
97.27537,0.0,0.0,200,43325.24521
97.746229,0.0,0.0,200,43414.435377
102.595121,0.0,0.0,200,43499.616386
97.002656,0.0,0.0,200,43587.343293
100.028343,0.0,0.0,200,43673.719496
96.103988,0.0,0.0,200,43758.537865
99.843882,0.0,0.0,200,43846.299792
98.451079,0.0,0.0,200,43932.135516
103.489192,0.0,0.0,200,44016.310549
103.278466,0.0,0.0,200,44101.929464
87.291895,0.0,0.0,200,44188.063081
103.855768,0.0,0.0,200,44277.230044
98.21483,0.0,0.0,200,44364.733997
100.004133,0.0,0.0,200,44450.112322
105.388224,0.0,0.0,200,44535.818181
102.292582,0.0,0.0,200,44620.908979
97.26341,0.0,0.0,200,44707.927425
96.605233,0.0,0.0,200,44792.170455
97.641583,0.0,0.0,200,44877.237978
98.232506,0.0,0.0,200,44961.328248
102.723032,0.0,0.0,200,45046.325331
101.356219,0.0,0.0,200,45132.904057
-3.382416,0.0,0.0,200,45222.435066
105.297553,0.0,0.0,200,45307.732789
104.781681,0.0,0.0,200,45393.112294
99.26951,0.0,0.0,200,45478.933062
103.073042,0.0,0.0,200,45563.922656
102.785597,0.0,0.0,200,45647.519911
104.512509,0.0,0.0,200,45732.60548
102.227857,0.0,0.0,200,45817.105346
95.786715,0.0,0.0,200,45902.534593
-2.872379,0.0,0.0,200,45989.132798
97.683775,0.0,0.0,200,46077.321865
87.522246,0.0,0.0,200,46162.138887
-8.69173,0.0,0.0,200,46247.46418
101.04698,0.0,0.0,200,46332.11191
97.940193,0.0,0.0,200,46417.234712
104.728565,0.0,0.0,200,46502.928641
96.538999,0.0,0.0,200,46586.63437
102.996811,0.0,0.0,200,46671.617133
95.684344,0.0,0.0,200,46756.922291
94.264662,0.0,0.0,200,46842.449354
104.047577,0.0,0.0,200,46931.51544
102.355317,0.0,0.0,200,47019.210022
98.603095,0.0,0.0,200,47105.71989
105.596187,0.0,0.0,200,47191.642882
99.488281,0.0,0.0,200,47275.737001
105.081419,0.0,0.0,200,47362.417817
102.656815,0.0,0.0,200,47447.738764
103.317913,0.0,0.0,200,47532.740451
103.860234,0.0,0.0,200,47618.011473
98.489463,0.0,0.0,200,47703.706445
105.358153,0.0,0.0,200,47793.1195
97.198767,0.0,0.0,200,47880.112477
95.009991,0.0,0.0,200,47965.947727
101.23595,0.0,0.0,200,48052.215858
93.570587,0.0,0.0,200,48139.240889
95.915467,0.0,0.0,200,48224.708088
101.253268,0.0,0.0,200,48311.133957
89.435123,0.0,0.0,200,48397.036689
104.679801,0.0,0.0,200,48484.929435
94.377679,0.0,0.0,200,48572.033521
96.340236,0.0,0.0,200,48660.835923
98.789494,0.0,0.0,200,48748.534314
102.379155,0.0,0.0,200,48835.428936
95.802905,0.0,0.0,200,48922.547671
98.029249,0.0,0.0,200,49008.434442
97.418589,0.0,0.0,200,49093.914621
103.380188,0.0,0.0,200,49181.702221
103.131752,0.0,0.0,200,49268.906481
96.739519,0.0,0.0,200,49355.744451
99.427085,0.0,0.0,200,49441.225924
102.868029,0.0,0.0,200,49529.141259
85.381718,0.0,0.0,200,49618.734588
102.957356,0.0,0.0,200,49705.907486
99.537005,0.0,0.0,200,49792.11655
100.732194,0.0,0.0,200,49877.915515
102.948205,0.0,0.0,200,49963.522874
96.131224,0.0,0.0,200,50049.16716
104.985603,0.0,0.0,200,50135.434289
91.274079,0.0,0.0,200,50221.166743
102.566267,0.0,0.0,200,50310.111118
97.644727,0.0,0.0,200,50395.358576
101.949931,0.0,0.0,200,50486.429811
98.599932,0.0,0.0,200,50572.72589
98.139531,0.0,0.0,200,50659.331144
101.270284,0.0,0.0,200,50746.803842
101.748032,0.0,0.0,200,50833.503373
104.683097,0.0,0.0,200,50919.315752
99.945474,0.0,0.0,200,51004.817033
94.719558,0.0,0.0,200,51090.372438
101.160704,0.0,0.0,200,51178.423358
98.611479,0.0,0.0,200,51264.352578
102.169495,0.0,0.0,200,51352.2147
96.69443,0.0,0.0,200,51437.57196
103.466728,0.0,0.0,200,51524.808044
97.86432,0.0,0.0,200,51611.954811
97.333198,0.0,0.0,200,51698.966322
98.124205,0.0,0.0,200,51785.260811
105.425726,0.0,0.0,200,51874.303021
103.559259,0.0,0.0,200,51958.62882
105.280856,0.0,0.0,200,52046.406971
105.253657,0.0,0.0,200,52133.217826
94.906744,0.0,0.0,200,52222.854236
96.444756,0.0,0.0,200,52307.825292
97.488962,0.0,0.0,200,52394.155735
104.216212,0.0,0.0,200,52480.432473
96.363982,0.0,0.0,200,52568.002997
96.160841,0.0,0.0,200,52654.049855
102.765521,0.0,0.0,200,52739.924212
99.365013,0.0,0.0,200,52826.126374
102.445429,0.0,0.0,200,52912.918272
106.199527,0.0,0.0,200,53000.624058
95.319082,0.0,0.0,200,53087.60463
97.677485,0.0,0.0,200,53176.803199
94.986981,0.0,0.0,200,53263.937417
95.637062,0.0,0.0,200,53352.234032
104.919358,0.0,0.0,200,53438.428325
105.052727,0.0,0.0,200,53526.618112
103.994874,0.0,0.0,200,53613.232973
103.608033,0.0,0.0,200,53701.113801
97.550427,0.0,0.0,200,53786.627354
99.471544,0.0,0.0,200,53874.226966
100.425623,0.0,0.0,200,53960.351812
104.182594,0.0,0.0,200,54049.629356
98.339754,0.0,0.0,200,54135.64083
99.178683,0.0,0.0,200,54221.750655
106.249054,0.0,0.0,200,54308.908109
104.801656,0.0,0.0,200,54396.137664
95.759,0.0,0.0,200,54482.517112
107.05927,0.0,0.0,200,54569.103842
97.200356,0.0,0.0,200,54656.833718
99.561537,0.0,0.0,200,54741.617383
106.830088,0.0,0.0,200,54827.725604
102.223707,0.0,0.0,200,54917.92819
97.393128,0.0,0.0,200,55004.651468
103.582103,0.0,0.0,200,55091.342736
99.863847,0.0,0.0,200,55179.018924
104.520866,0.0,0.0,200,55264.429825
108.239585,0.0,0.0,200,55350.507707
105.020907,0.0,0.0,200,55438.421409
107.101896,0.0,0.0,200,55526.616192
104.86874,0.0,0.0,200,55612.02477
99.492489,0.0,0.0,200,55699.709335
98.430646,0.0,0.0,200,55789.204644
97.350283,0.0,0.0,200,55876.940097
96.338005,0.0,0.0,200,55963.34291
105.414869,0.0,0.0,200,56050.504385
101.598312,0.0,0.0,200,56136.220185
104.499564,0.0,0.0,200,56221.915344
101.243077,0.0,0.0,200,56309.42671
105.672908,0.0,0.0,200,56394.82262
102.950983,0.0,0.0,200,56480.502665
105.310084,0.0,0.0,200,56566.914093
105.665951,0.0,0.0,200,56653.840452
102.014875,0.0,0.0,200,56744.720581
102.566443,0.0,0.0,200,56831.921685
103.695323,0.0,0.0,200,56918.324519
98.451239,0.0,0.0,200,57004.941753
107.108094,0.0,0.0,200,57090.414064
104.888302,0.0,0.0,200,57178.027867
104.588788,0.0,0.0,200,57265.841019
106.448976,0.0,0.0,200,57352.906198
104.295473,0.0,0.0,200,57439.800517
104.453971,0.0,0.0,200,57525.83058
105.364509,0.0,0.0,200,57616.206238
103.648087,0.0,0.0,200,57702.827547
97.475522,0.0,0.0,200,57788.337057
95.192551,0.0,0.0,200,57875.36516
103.936259,0.0,0.0,200,57960.546823
102.724613,0.0,0.0,200,58047.12427
97.971849,0.0,0.0,200,58132.840491
97.102771,0.0,0.0,200,58220.500751
104.779634,0.0,0.0,200,58306.434815
105.773361,0.0,0.0,200,58392.513264
101.849391,0.0,0.0,200,58484.016284
97.440223,0.0,0.0,200,58571.429198
98.544404,0.0,0.0,200,58657.739745
103.560252,0.0,0.0,200,58746.704292
103.09443,0.0,0.0,200,58833.82852
102.809998,0.0,0.0,200,58920.22149
105.581117,0.0,0.0,200,59005.124034
97.228841,0.0,0.0,200,59090.65419
105.138961,0.0,0.0,200,59176.004874
100.697044,0.0,0.0,200,59262.112113
106.102727,0.0,0.0,200,59350.821823
107.054766,0.0,0.0,200,59436.519138
102.396307,0.0,0.0,200,59524.904572
99.171556,0.0,0.0,200,59611.621175
98.085707,0.0,0.0,200,59699.058293
102.370134,0.0,0.0,200,59784.515623
101.773429,0.0,0.0,200,59871.603869
100.434767,0.0,0.0,200,59958.612066
99.468914,0.0,0.0,200,60042.931994
97.704954,0.0,0.0,200,60129.868145
105.423979,0.0,0.0,200,60214.719076
107.071264,0.0,0.0,200,60303.220948
99.220794,0.0,0.0,200,60387.416236
102.629304,0.0,0.0,200,60473.01767
103.099058,0.0,0.0,200,60558.401792
97.100572,0.0,0.0,200,60644.501044
106.411956,0.0,0.0,200,60731.612409
103.745969,0.0,0.0,200,60819.406031
105.556363,0.0,0.0,200,60906.517587
105.316901,0.0,0.0,200,60993.932705
99.23541,0.0,0.0,200,61080.457844
103.641015,0.0,0.0,200,61172.006626
105.879364,0.0,0.0,200,61259.225603
106.686012,0.0,0.0,200,61347.822316
99.031794,0.0,0.0,200,61436.219484
98.601414,0.0,0.0,200,61523.133494
105.871228,0.0,0.0,200,61610.633656
101.7942,0.0,0.0,200,61698.508205
107.42842,0.0,0.0,200,61788.52302
106.329093,0.0,0.0,200,61875.004379
103.742612,0.0,0.0,200,61963.234461
98.154062,0.0,0.0,200,62053.13285
104.44811,0.0,0.0,200,62140.246502
104.686101,0.0,0.0,200,62227.019106
98.854956,0.0,0.0,200,62313.639025
95.841529,0.0,0.0,200,62402.325892
99.787435,0.0,0.0,200,62489.9076
99.116205,0.0,0.0,200,62577.323655
96.480894,0.0,0.0,200,62664.046791
106.077401,0.0,0.0,200,62750.507439
99.99504,0.0,0.0,200,62838.635867
105.411054,0.0,0.0,200,62930.114739
97.612041,0.0,0.0,200,63017.727366
105.082301,0.0,0.0,200,63107.247012
107.616603,0.0,0.0,200,63193.818631
97.315998,0.0,0.0,200,63281.15967
105.150587,0.0,0.0,200,63368.611542
103.249938,0.0,0.0,200,63457.72467
101.681609,0.0,0.0,200,63546.007327
105.753366,0.0,0.0,200,63632.805159
106.126182,0.0,0.0,200,63719.222165
97.560884,0.0,0.0,200,63806.81886
102.337626,0.0,0.0,200,63896.809224
105.62768,0.0,0.0,200,63983.137178
107.301948,0.0,0.0,200,64067.734559
101.682178,0.0,0.0,200,64155.113755
105.75576,0.0,0.0,200,64241.305111
97.11365,0.0,0.0,200,64328.760401
95.714886,0.0,0.0,200,64414.254871
105.539368,0.0,0.0,200,64502.310406
98.789555,0.0,0.0,200,64589.932092
96.275989,0.0,0.0,200,64675.928609
106.058203,0.0,0.0,200,64764.616203
106.121519,0.0,0.0,200,64849.830249
106.984313,0.0,0.0,200,64937.727544
107.350661,0.0,0.0,200,65026.630917
103.517951,0.0,0.0,200,65115.521654
107.259951,0.0,0.0,200,65203.129925
108.222618,0.0,0.0,200,65290.511705
98.355119,0.0,0.0,200,65376.9164
97.807334,0.0,0.0,200,65464.7344
98.190343,0.0,0.0,200,65551.704877
100.974872,0.0,0.0,200,65643.163632
105.680308,0.0,0.0,200,65730.434192
104.276975,0.0,0.0,200,65816.860513
98.918638,0.0,0.0,200,65904.413569
94.131146,0.0,0.0,200,65990.634266
100.363592,0.0,0.0,200,66076.933879
107.423994,0.0,0.0,200,66163.116223
106.388045,0.0,0.0,200,66249.92914
104.771523,0.0,0.0,200,66336.314009
95.269232,0.0,0.0,200,66422.934557
106.200259,0.0,0.0,200,66513.426641
107.817659,0.0,0.0,200,66599.508227
105.115736,0.0,0.0,200,66686.725608
106.657274,0.0,0.0,200,66773.627448
107.19344,0.0,0.0,200,66861.71168
99.310261,0.0,0.0,200,66950.260907
98.8317,0.0,0.0,200,67037.961273
97.812258,0.0,0.0,200,67126.241039
99.279937,0.0,0.0,200,67213.1591
101.572469,0.0,0.0,200,67300.734657
97.617228,0.0,0.0,200,67389.018396
98.217073,0.0,0.0,200,67480.145698
99.259769,0.0,0.0,200,67568.309596
108.212518,0.0,0.0,200,67655.028754
108.174971,0.0,0.0,200,67741.825437
98.307517,0.0,0.0,200,67828.72051
102.439405,0.0,0.0,200,67914.94664
100.0779,0.0,0.0,200,68003.526292
98.642191,0.0,0.0,200,68089.836926
99.371167,0.0,0.0,200,68178.644027
98.850975,0.0,0.0,200,68267.535704
107.028577,0.0,0.0,200,68358.023785
96.983954,0.0,0.0,200,68445.920818
95.716732,0.0,0.0,200,68534.350157
104.709118,0.0,0.0,200,68622.848637
98.113265,0.0,0.0,200,68712.434577
98.306108,0.0,0.0,200,68799.50795
99.552666,0.0,0.0,200,68888.331473
102.708676,0.0,0.0,200,68975.518029
101.71189,0.0,0.0,200,69062.848308
107.585368,0.0,0.0,200,69150.512294
98.790735,0.0,0.0,200,69240.661903
105.891706,0.0,0.0,200,69326.301218
107.73085,0.0,0.0,200,69412.124196
106.312345,0.0,0.0,200,69499.204992
103.245015,0.0,0.0,200,69584.918746
108.293363,0.0,0.0,200,69672.416275
102.956792,0.0,0.0,200,69760.331517
106.751729,0.0,0.0,200,69845.905829
97.542001,0.0,0.0,200,69932.319412
107.243184,0.0,0.0,200,70021.328534
101.066504,0.0,0.0,200,70110.95548
99.833265,0.0,0.0,200,70196.762433
107.971782,0.0,0.0,200,70282.12553
104.438551,0.0,0.0,200,70369.151278
97.982895,0.0,0.0,200,70456.126665
95.870759,0.0,0.0,200,70542.356214
95.718725,0.0,0.0,200,70629.672826
105.98853,0.0,0.0,200,70715.432493
101.543446,0.0,0.0,200,70802.634048
107.243391,0.0,0.0,200,70888.333359
103.137768,0.0,0.0,200,70978.843434
98.953284,0.0,0.0,200,71063.338248
95.088517,0.0,0.0,200,71149.168291
100.479243,0.0,0.0,200,71233.933184
108.633088,0.0,0.0,200,71319.404571
101.291882,0.0,0.0,200,71405.13118
101.203735,0.0,0.0,200,71489.80379
98.548948,0.0,0.0,200,71573.657482
107.496288,0.0,0.0,200,71658.713954
107.436966,0.0,0.0,200,71744.429797
105.599958,0.0,0.0,200,71829.917973
101.626884,0.0,0.0,200,71918.468251
107.938846,0.0,0.0,200,72005.219585
106.534957,0.0,0.0,200,72089.62594
96.970793,0.0,0.0,200,72175.338275
98.474129,0.0,0.0,200,72261.875573
107.031742,0.0,0.0,200,72346.614335
108.298516,0.0,0.0,200,72431.606704
97.577514,0.0,0.0,200,72518.526429
97.825799,0.0,0.0,200,72602.854562
105.580015,0.0,0.0,200,72689.133858
103.168432,0.0,0.0,200,72776.730265
96.918587,0.0,0.0,200,72862.136741
107.953145,0.0,0.0,200,72946.723325
108.716373,0.0,0.0,200,73031.50827
100.706348,0.0,0.0,200,73117.536196
100.428282,0.0,0.0,200,73203.456928
101.110472,0.0,0.0,200,73288.016294
97.876027,0.0,0.0,200,73373.05799
97.19483,0.0,0.0,200,73459.156296
106.567017,0.0,0.0,200,73543.414691
99.39628,0.0,0.0,200,73632.685294
98.993751,0.0,0.0,200,73718.037783
99.797201,0.0,0.0,200,73803.333428
98.471675,0.0,0.0,200,73888.13981
99.929326,0.0,0.0,200,73972.234567
106.292369,0.0,0.0,200,74057.016578
101.308537,0.0,0.0,200,74140.522197
105.56202,0.0,0.0,200,74225.606396
100.636621,0.0,0.0,200,74309.827694
101.299964,0.0,0.0,200,74395.23015
104.976792,0.0,0.0,200,74483.426105
104.154564,0.0,0.0,200,74569.836745
105.319577,0.0,0.0,200,74655.111586
101.008735,0.0,0.0,200,74739.621595
101.654792,0.0,0.0,200,74824.970129
103.083048,0.0,0.0,200,74908.545961
105.718462,0.0,0.0,200,74992.542366
98.966049,0.0,0.0,200,75076.807374
102.555169,0.0,0.0,200,75163.42909
98.014574,0.0,0.0,200,75248.220375
101.387659,0.0,0.0,200,75333.339364
98.974725,0.0,0.0,200,75420.839368
106.399842,0.0,0.0,200,75504.525239
98.076339,0.0,0.0,200,75587.603216
101.659366,0.0,0.0,200,75671.61859
107.544439,0.0,0.0,200,75754.723902
98.972246,0.0,0.0,200,75839.460254
98.130637,0.0,0.0,200,75924.221323
104.438581,0.0,0.0,200,76009.836731
96.815536,0.0,0.0,200,76095.132796
100.352937,0.0,0.0,200,76178.843415
105.974847,0.0,0.0,200,76265.224301
95.853514,0.0,0.0,200,76349.326506
100.635501,0.0,0.0,200,76433.349293
104.665137,0.0,0.0,200,76517.471122
97.426752,0.0,0.0,200,76602.160861
105.665902,0.0,0.0,200,76686.608254
98.129327,0.0,0.0,200,76771.117659
105.001237,0.0,0.0,200,76854.233669
101.293059,0.0,0.0,200,76940.255981
99.833487,0.0,0.0,200,77023.940668
97.765872,0.0,0.0,200,77112.130786
105.294095,0.0,0.0,200,77196.92836
98.138903,0.0,0.0,200,77280.365361
99.798468,0.0,0.0,200,77366.125911
98.294486,0.0,0.0,200,77450.865316
107.119482,0.0,0.0,200,77535.726584
103.005787,0.0,0.0,200,77621.338254
100.730292,0.0,0.0,200,77708.352918
101.094382,0.0,0.0,200,77794.833054
106.920677,0.0,0.0,200,77880.019739
101.041675,0.0,0.0,200,77969.206892
107.338259,0.0,0.0,200,78052.712322
105.30775,0.0,0.0,200,78138.821979
103.187201,0.0,0.0,200,78223.821572
103.628214,0.0,0.0,200,78309.616716
107.884209,0.0,0.0,200,78394.504571
100.517678,0.0,0.0,200,78478.524453
99.481103,0.0,0.0,200,78564.008605
105.533186,0.0,0.0,200,78647.903808
99.741509,0.0,0.0,200,78733.603712
103.35478,0.0,0.0,200,78817.753092
108.676072,0.0,0.0,200,78905.936169
96.330158,0.0,0.0,200,78990.94334
106.535632,0.0,0.0,200,79077.83088
102.61303,0.0,0.0,200,79162.516217
102.735999,0.0,0.0,200,79247.82904
91.796776,0.0,0.0,200,79334.707894
100.020372,0.0,0.0,200,79419.136535
102.418586,0.0,0.0,200,79503.03485
97.852851,0.0,0.0,200,79587.627716
101.076964,0.0,0.0,200,79671.415233
97.853427,0.0,0.0,200,79759.703093
103.474965,0.0,0.0,200,79846.003009
103.11005,0.0,0.0,200,79930.13654
106.618334,0.0,0.0,200,80014.62733
100.300124,0.0,0.0,200,80099.603827
102.287593,0.0,0.0,200,80183.403423
96.970848,0.0,0.0,200,80269.036373
103.415466,0.0,0.0,200,80354.034515
99.86576,0.0,0.0,200,80437.730344
99.72603,0.0,0.0,200,80523.132906
106.143746,0.0,0.0,200,80610.208647
104.860385,0.0,0.0,200,80695.931339
98.214815,0.0,0.0,200,80781.021032
102.782298,0.0,0.0,200,80867.758292
108.096896,0.0,0.0,200,80952.931993
99.874032,0.0,0.0,200,81038.10289
104.824607,0.0,0.0,200,81122.829259
98.52348,0.0,0.0,200,81207.523916
99.257292,0.0,0.0,200,81293.00301
99.441481,0.0,0.0,200,81377.44895
106.390142,0.0,0.0,200,81466.315709
101.807795,0.0,0.0,200,81551.662569
100.001514,0.0,0.0,200,81637.01939
108.287193,0.0,0.0,200,81720.504689
108.298564,0.0,0.0,200,81805.610138
108.1533,0.0,0.0,200,81890.706672
106.64911,0.0,0.0,200,81976.728325
102.067916,0.0,0.0,200,82061.326356
102.259114,0.0,0.0,200,82147.750352
108.646218,0.0,0.0,200,82233.217494
98.90267,0.0,0.0,200,82319.734683
105.111672,0.0,0.0,200,82407.119886
101.315804,0.0,0.0,200,82493.832666
108.394862,0.0,0.0,200,82578.217646
100.122284,0.0,0.0,200,82663.732085
98.977427,0.0,0.0,200,82747.738138
105.283309,0.0,0.0,200,82834.057223
108.379471,0.0,0.0,200,82919.50798
102.809916,0.0,0.0,200,83005.630618
108.696424,0.0,0.0,200,83091.425391
108.716095,0.0,0.0,200,83177.291791
97.673446,0.0,0.0,200,83264.772511
101.447218,0.0,0.0,200,83351.32434
107.266719,0.0,0.0,200,83438.338908
105.572002,0.0,0.0,200,83525.926848
104.531134,0.0,0.0,200,83613.502693
103.267194,0.0,0.0,200,83701.722534
103.374176,0.0,0.0,200,83788.486817
100.126707,0.0,0.0,200,83875.412544
102.877314,0.0,0.0,200,83963.230595
105.257739,0.0,0.0,200,84051.82485
102.875846,0.0,0.0,200,84142.007423
108.405341,0.0,0.0,200,84229.104951
101.688159,0.0,0.0,200,84313.907742
101.468102,0.0,0.0,200,84399.222702
99.452909,0.0,0.0,200,84486.615607
109.355552,0.0,0.0,200,84573.926404
107.413832,0.0,0.0,200,84661.024491
100.458916,0.0,0.0,200,84749.059647
96.985904,0.0,0.0,200,84837.446915
100.248546,0.0,0.0,200,84924.414219
101.817919,0.0,0.0,200,85015.648856
99.423615,0.0,0.0,200,85103.611803
98.864164,0.0,0.0,200,85189.459163
101.437258,0.0,0.0,200,85277.04189
100.267084,0.0,0.0,200,85364.437905
102.604953,0.0,0.0,200,85449.828583
103.209653,0.0,0.0,200,85539.201725
107.673043,0.0,0.0,200,85626.613672
98.334733,0.0,0.0,200,85715.050881
101.719223,0.0,0.0,200,85801.129625
109.496973,0.0,0.0,200,85887.124062
106.45095,0.0,0.0,200,85977.732761
97.880015,0.0,0.0,200,86065.23561
97.190307,0.0,0.0,200,86151.343986
104.09332,0.0,0.0,200,86239.137541
95.813295,0.0,0.0,200,86325.307473
96.554034,0.0,0.0,200,86412.340399
98.510873,0.0,0.0,200,86499.461982
109.462797,0.0,0.0,200,86586.620119
105.772891,0.0,0.0,200,86672.129291
107.045734,0.0,0.0,200,86759.80424
100.856432,0.0,0.0,200,86849.338627
105.620614,0.0,0.0,200,86935.418332
106.3349,0.0,0.0,200,87023.211722
101.764724,0.0,0.0,200,87110.222035
102.205532,0.0,0.0,200,87198.321897
107.545836,0.0,0.0,200,87285.299758
105.084292,0.0,0.0,200,87372.120328
101.501369,0.0,0.0,200,87459.651098
97.889899,0.0,0.0,200,87546.432921
98.993336,0.0,0.0,200,87633.358253
103.293737,0.0,0.0,200,87724.205185
97.435394,0.0,0.0,200,87810.925985
99.287374,0.0,0.0,200,87898.529202
98.713508,0.0,0.0,200,87984.239521
99.05294,0.0,0.0,200,88071.505037
107.139574,0.0,0.0,200,88160.312349
99.025001,0.0,0.0,200,88248.922565
97.653374,0.0,0.0,200,88336.504445
97.350335,0.0,0.0,200,88423.346627
103.249031,0.0,0.0,200,88510.827433
104.298378,0.0,0.0,200,88603.511993
102.016312,0.0,0.0,200,88691.705742
102.093564,0.0,0.0,200,88780.143187
98.163228,0.0,0.0,200,88868.823818
102.720793,0.0,0.0,200,88956.453812
100.634579,0.0,0.0,200,89045.633795
98.555334,0.0,0.0,200,89133.27187
104.29148,0.0,0.0,200,89221.235247
101.993229,0.0,0.0,200,89308.718813
100.303073,0.0,0.0,200,89396.318895
100.851415,0.0,0.0,200,89484.648946
101.901266,0.0,0.0,200,89576.34167
101.605761,0.0,0.0,200,89664.42876
98.645288,0.0,0.0,200,89752.420559
93.510718,0.005,0.005,200,89840.914229
99.32991,0.0,0.0,200,89929.711681
104.694294,0.0,0.0,200,90017.928831
103.853995,0.0,0.0,200,90104.701103
96.956019,0.0,0.0,200,90194.2326
98.23614,0.0,0.0,200,90281.117768
106.459359,0.0,0.0,200,90370.017361
105.095306,0.0,0.0,200,90459.705412
99.041911,0.0,0.0,200,90547.123219
105.561334,0.0,0.0,200,90636.716969
109.044395,0.0,0.0,200,90724.826679
101.322994,0.0,0.0,200,90812.118647
99.878989,0.0,0.0,200,90901.067933
84.292263,0.0,0.005,200,90989.133008
108.709499,0.0,0.0,200,91077.806926
100.265625,0.0,0.0,200,91165.824217
105.489827,0.0,0.0,200,91252.716746
104.234787,0.0,0.0,200,91343.949898
98.060363,0.0,0.0,200,91430.058051
102.068673,0.0,0.0,200,91519.907336
99.092123,0.0,0.0,200,91606.936714
105.671276,0.0,0.0,200,91694.327971
99.065549,0.0,0.0,200,91783.829503
102.530313,0.0,0.0,200,91872.464829
100.054633,0.0,0.0,200,91960.709079
98.192534,0.0,0.0,200,92048.45711
100.333722,0.0,0.0,200,92137.46051
98.788442,0.0,0.0,200,92228.439216
108.922267,0.0,0.0,200,92317.228636
100.546086,0.0,0.0,200,92405.626856
109.22039,0.0,0.0,200,92492.104005
104.708636,0.0,0.0,200,92580.838647
94.854152,0.0,0.0,200,92669.05128
99.562894,0.0,0.0,200,92758.517521
108.54106,0.0,0.0,200,92847.612703
98.524622,0.0,0.0,200,92936.802766
101.200504,0.0,0.0,200,93026.122869
102.830201,0.0,0.0,200,93117.51137
98.02586,0.0,0.0,200,93206.941344
104.926242,0.0,0.0,200,93296.221409
106.888218,0.0,0.0,200,93384.807765
96.919615,0.0,0.0,200,93473.008899
107.341405,0.0,0.0,200,93560.999297
100.847157,0.0,0.0,200,93647.61853
100.718378,0.0,0.0,200,93735.553344
100.841472,0.0,0.0,200,93821.623245
96.417178,0.0,0.0,200,93908.147085
106.426201,0.0,0.0,200,93996.914058
100.234316,0.0,0.0,200,94089.515574
108.219049,0.0,0.0,200,94177.417657
107.769326,0.0,0.0,200,94266.224531
106.222881,0.0,0.0,200,94354.723449
98.144711,0.0,0.0,200,94443.918714
98.70699,0.0,0.0,200,94532.328167
97.393623,0.0,0.02,200,94621.73501
102.451538,0.0,0.0,200,94710.208627
104.802468,0.0,0.0,200,94797.017206
101.98548,0.0,0.0,200,94886.712216
98.381875,0.0,0.0,200,94978.801783
107.939678,0.0,0.0,200,95066.607323
98.133073,0.0,0.0,200,95154.810365
101.314212,0.0,0.0,200,95242.72176
100.054993,0.0,0.0,200,95330.804018
105.07113,0.0,0.0,200,95419.532983
101.504609,0.0,0.0,200,95508.320395
100.78841,0.0,0.0,200,95596.307945
101.633788,0.0,0.0,200,95683.970321
101.425424,0.0,0.0,200,95772.838587
107.430812,0.0,0.0,200,95863.525977
107.809682,0.0,0.0,200,95951.50297
99.481176,0.0,0.0,200,96039.11079
102.095792,0.0,0.0,200,96128.135327
100.847444,0.0,0.0,200,96215.851982
108.139214,0.0,0.0,200,96303.916117
105.677203,0.0,0.0,200,96393.526476
98.993572,0.0,0.0,200,96481.033511
99.513746,0.0,0.0,200,96569.766934
108.17277,0.0,0.0,200,96656.82565
107.982731,0.0,0.0,200,96749.20887
107.3849,0.0,0.0,200,96837.125296
107.03978,0.0,0.0,200,96925.302178
108.196129,0.0,0.0,200,97014.299647
108.275208,0.0,0.0,200,97101.821963
100.270927,0.0,0.0,200,97189.639366
105.18433,0.0,0.0,200,97278.010168
108.225172,0.0,0.0,200,97365.019762
104.761441,0.0,0.0,200,97453.041423
99.869744,0.0,0.0,200,97542.312683
105.613519,0.0,0.0,200,97629.007564
100.585172,0.0,0.0,200,97721.840982
106.74471,0.0,0.0,200,97808.419677
101.924577,0.0,0.0,200,97898.304842
100.547332,0.0,0.0,200,97987.803541
102.214389,0.0,0.0,200,98076.458379
102.856344,0.0,0.0,200,98164.822075
102.917434,0.0,0.0,200,98252.712739
101.170006,0.0,0.0,200,98340.745607
103.223236,0.0,0.0,200,98429.375195
104.077169,0.0,0.0,200,98515.906417
103.170079,0.0,0.0,200,98608.835238
104.836633,0.0,0.0,200,98695.369402
102.686266,0.0,0.0,200,98783.631278
103.399528,0.0,0.0,200,98872.221768
102.601042,0.0,0.0,200,98959.021639
107.468527,0.0,0.0,200,99048.52431
103.19853,0.0,0.0,200,99136.254958
99.351046,0.0,0.0,200,99225.630811
103.433623,0.0,0.0,200,99314.537618
99.709806,0.0,0.0,200,99401.903412
106.718696,0.0,0.0,200,99491.733299
101.654658,0.0,0.0,200,99580.506279
103.730279,0.0,0.0,200,99668.316443
98.116256,0.0,0.0,200,99757.856176
104.174228,0.0,0.0,200,99845.716263
104.382735,0.0,0.0,200,99933.638186
101.240974,0.0,0.0,200,100022.661191
97.761385,0.0,0.0,200,100112.050417
99.597998,0.0,0.0,200,100199.44393
103.955416,0.005,0.005,200,100289.118774
109.598263,0.0,0.0,200,100379.024846
107.970955,0.0,0.0,200,100467.606938
103.635788,0.0,0.0,200,100556.005048
101.170995,0.0,0.0,200,100643.62889
99.616205,0.0,0.0,200,100732.921848
100.702165,0.0,0.0,200,100821.034644
103.239749,0.0,0.0,200,100909.035356
107.793468,0.0,0.0,200,100997.005939
108.03851,0.0,0.0,200,101084.803068
102.885775,0.0,0.0,200,101173.030828
97.981837,0.01,0.01,200,101261.454495
107.585569,0.0,0.0,200,101352.803382
101.944206,0.0,0.0,200,101440.801317
105.10058,0.0,0.0,200,101527.520846
108.75758,0.0,0.0,200,101614.905706
108.39359,0.0,0.0,200,101701.91844
98.185697,0.0,0.0,200,101788.204503
107.210141,0.0,0.0,200,101876.909265
102.308386,0.0,0.0,200,101962.926083
110.137608,0.0,0.0,200,102049.709402
102.428475,0.0,0.0,200,102137.66209
103.773634,0.0,0.0,200,102227.409519
100.584583,0.0,0.0,200,102315.422599
108.53501,0.0,0.0,200,102403.711533
109.029703,0.0,0.0,200,102491.934015
99.609929,0.0,0.0,200,102579.809456
102.323933,0.0,0.0,200,102667.76348
102.973708,0.0,0.0,200,102755.520902
104.588893,0.0,0.0,200,102841.431859
96.87737,0.005,0.005,200,102929.031136
104.986577,0.0,0.0,200,103017.704426
99.98335,0.0,0.0,200,103109.324996
105.449983,0.0,0.0,200,103197.517443
106.511299,0.0,0.0,200,103283.811421
102.706538,0.0,0.0,200,103372.120667
110.203403,0.0,0.0,200,103460.302886
102.010566,0.0,0.0,200,103546.433653
98.877985,0.0,0.0,200,103633.736334
102.426242,0.0,0.0,200,103720.016243
104.982509,0.0,0.0,200,103806.72687
107.761999,0.0,0.0,200,103893.433508
109.616063,0.0,0.0,200,103984.729724
110.408921,0.0,0.0,200,104071.830311
108.247663,0.0,0.0,200,104158.122649
106.54054,0.0,0.0,200,104244.415867
110.153131,0.0,0.0,200,104331.426198
104.361396,0.0,0.0,200,104418.83328
95.818578,0.005,0.005,200,104506.207712
108.612019,0.0,0.0,200,104594.127309
97.62032,0.0,0.0,200,104680.454612
102.545658,0.0,0.0,200,104768.903105
106.49081,0.0,0.0,200,104856.122252
109.807739,0.0,0.0,200,104948.709601
101.823819,0.0,0.0,200,105037.127141
100.867783,0.0,0.0,200,105124.439066
99.357403,0.0,0.0,200,105212.060436
100.864011,0.0,0.0,200,105301.312313
108.642522,0.0,0.0,200,105389.509363
101.426143,0.0,0.0,200,105477.323799
108.593999,0.0,0.0,200,105564.304947
97.940169,0.0,0.0,200,105652.33864
105.248121,0.0,0.0,200,105740.934332
99.761913,0.0,0.0,200,105831.23227
108.269519,0.0,0.0,200,105917.00754
99.596471,0.0,0.0,200,106005.814945
106.086665,0.0,0.0,200,106094.326968
108.380855,0.0,0.0,200,106181.93205
101.839241,0.0,0.0,200,106270.550533
99.222211,0.0,0.0,200,106358.435715
102.451271,0.0,0.0,200,106447.458577
93.304278,0.0,0.0,200,106538.237728
107.172932,0.0,0.0,200,106625.345556
99.715381,0.0,0.0,200,106714.626799
107.748208,0.0,0.0,200,106800.608597
102.354294,0.0,0.0,200,106886.933414
108.738742,0.0,0.0,200,106973.114052
104.908768,0.005,0.005,200,107059.721094
95.253763,0.0,0.005,200,107145.248315
103.421651,0.0,0.0,200,107231.232039
106.064131,0.0,0.0,200,107320.61878
100.935456,0.0,0.0,200,107409.129462
101.841612,0.0,0.0,200,107498.723438
103.535712,0.0,0.0,200,107590.651211
102.906173,0.0,0.0,200,107678.616462
104.104206,0.005,0.005,200,107766.144793
101.837373,0.0,0.0,200,107855.943681
110.078369,0.0,0.0,200,107943.206642
101.005858,0.0,0.0,200,108030.954078
100.93485,0.0,0.0,200,108119.120814
106.33165,0.0,0.0,200,108205.234445
96.023169,0.0,0.0,200,108290.909188
102.257669,0.005,0.005,200,108377.79944
109.489698,0.0,0.0,200,108462.728582
104.784141,0.0,0.0,200,108551.229526
103.527386,0.0,0.0,200,108636.042845
107.958527,0.0,0.0,200,108720.518608
104.027876,0.0,0.0,200,108806.203612
106.442066,0.0,0.0,200,108891.811023
109.146364,0.0,0.0,200,108978.608527
101.886561,0.0,0.0,200,109064.447023
104.459144,0.0,0.0,200,109150.417322
107.044957,0.0,0.0,200,109235.118234
101.933123,0.0,0.0,200,109320.426878
105.511257,0.0,0.0,200,109409.930418
106.642671,0.0,0.0,200,109495.615296
105.169628,0.0,0.0,200,109580.830318
103.519638,0.0,0.0,200,109666.249568
108.636652,0.0,0.0,200,109752.018142
98.733142,0.0,0.0,200,109839.163912
109.875355,0.0,0.0,200,109924.704114
101.434639,0.0,0.0,200,110011.634483
98.581413,0.0,0.0,200,110099.34005
102.681862,0.0,0.0,200,110184.814533
109.055318,0.0,0.0,200,110274.120168
102.39002,0.0,0.0,200,110361.101353
105.160939,0.0,0.0,200,110448.319323
102.921921,0.0,0.0,200,110536.522467
101.321545,0.0,0.0,200,110623.834652
103.572146,0.0,0.0,200,110710.112839
102.486593,0.0,0.0,200,110796.425971
103.938066,0.0,0.0,200,110884.306127
102.501355,0.0,0.0,200,110969.835601
104.23435,0.0,0.0,200,111055.320668
105.888279,0.0,0.0,200,111143.340754
105.449461,0.0,0.0,200,111229.43304
101.765296,0.0,0.0,200,111315.836542
109.647882,0.0,0.0,200,111400.914643
103.757656,0.0,0.0,200,111486.732745
108.98346,0.0,0.0,200,111570.714047
110.426577,0.0,0.0,200,111656.934358
78.153623,0.005,0.04,200,111743.818744
110.252078,0.0,0.0,200,111828.835412
109.173482,0.0,0.0,200,111914.713372
109.76197,0.0,0.0,200,111998.528781
102.488321,0.0,0.0,200,112086.628553
107.205901,0.0,0.0,200,112172.614241
107.962509,0.0,0.0,200,112256.719448
110.95182,0.0,0.0,200,112340.831123
106.649338,0.035,0.035,200,112426.266424
101.442786,0.005,0.005,200,112510.524112
109.655572,0.0,0.0,200,112595.304284
101.861648,0.0,0.0,200,112681.217488
103.911816,0.0,0.0,200,112766.836068
104.54424,0.0,0.0,200,112850.030111
100.47515,0.0,0.0,200,112938.359992
99.687478,0.0,0.0,200,113022.054737
107.07234,0.0,0.0,200,113106.831284
104.037253,0.0,0.0,200,113192.810057
99.403876,0.0,0.0,200,113279.841666
101.38983,0.0,0.0,200,113364.025714
103.296139,0.0,0.0,200,113450.316419
104.382746,0.0,0.0,200,113535.642311
98.803434,0.0,0.0,200,113621.157954
104.609571,0.0,0.0,200,113705.512475
103.199481,0.0,0.0,200,113794.93665
109.931119,0.0,0.0,200,113879.410728
110.05907,0.0,0.0,200,113964.329438
105.854849,0.0,0.0,200,114049.332398
103.086343,0.0,0.0,200,114134.8225
106.441684,0.0,0.0,200,114219.130646
103.823029,0.0,0.0,200,114306.224731
102.274736,0.0,0.0,200,114391.005388
102.306147,0.0,0.0,200,114475.737493
103.554596,0.0,0.0,200,114560.403936
109.285093,0.0,0.0,200,114649.935627
108.669506,0.0,0.0,200,114735.412943
107.865543,0.0,0.0,200,114818.637244
98.807674,0.0,0.0,200,114903.336037
109.216922,0.0,0.0,200,114988.234466
104.485506,0.0,0.0,200,115074.129691
101.048243,0.0,0.0,200,115157.834092
107.523949,0.0,0.0,200,115242.838409
101.891043,0.0,0.0,200,115328.142561
100.101979,0.0,0.0,200,115414.228883
105.929218,0.0,0.0,200,115502.528757
104.652122,0.0,0.0,200,115587.624772
102.735431,0.0,0.0,200,115672.709888
104.069184,0.0,0.0,200,115757.703449
103.482508,0.0,0.0,200,115842.632747
102.963698,0.0,0.0,200,115927.646416
107.988595,0.0,0.0,200,116012.12749
107.537228,0.0,0.0,200,116097.403976
106.461342,0.0,0.0,200,116182.317457
110.095536,0.0,0.0,200,116261.936269
102.359928,0.0,0.0,200,116343.037341
103.088814,0.0,0.0,200,116430.247411
103.445787,0.0,0.0,200,116515.515723
102.785098,0.0,0.0,200,116600.433442
110.32625,0.0,0.0,200,116685.111071
104.249897,0.0,0.0,200,116769.410364
102.949312,0.0,0.0,200,116855.128695
102.103629,0.0,0.0,200,116940.211327
110.290862,0.0,0.0,200,117023.63253
111.49475,0.0,0.0,200,117109.222621
106.547342,0.0,0.0,200,117194.221339
109.056467,0.0,0.0,200,117281.210703
111.144642,0.0,0.0,200,117365.216865
106.116397,0.0,0.0,200,117450.029869
102.517714,0.0,0.0,200,117534.137571
104.249332,0.0,0.0,200,117621.131976
105.343545,0.0,0.0,200,117705.233962
109.877904,0.0,0.0,200,117789.52598
104.284319,0.0,0.0,200,117874.640419
103.668544,0.0,0.0,200,117960.647908
102.807705,0.0,0.0,200,118044.757238
103.49819,0.0,0.0,200,118133.350454
102.514426,0.0,0.0,200,118217.829071
100.892745,0.0,0.0,200,118302.019351
100.151043,0.0,0.0,200,118388.022256
110.96685,0.0,0.0,200,118471.618425
101.136756,0.0,0.0,200,118555.958061
107.580124,0.0,0.0,200,118641.331207
104.938019,0.0,0.0,200,118726.920764
102.984443,0.0,0.0,200,118812.637324
105.021122,0.0,0.0,200,118897.950098
96.824829,0.0,0.0,200,118987.440329
104.499073,0.0,0.0,200,119072.342429
103.013683,0.0,0.0,200,119157.350057
110.642414,0.0,0.0,200,119243.136591
104.173027,0.0,0.0,200,119328.840739
106.052267,0.0,0.0,200,119412.622761
105.171453,0.0,0.0,200,119500.019656
102.100318,0.0,0.0,200,119584.739452
104.75181,0.0,0.0,200,119671.418957
103.062319,0.0,0.0,200,119756.627967
97.875179,0.0,0.0,200,119843.519565
109.626938,0.0,0.0,200,119930.820077
111.228754,0.0,0.0,200,120016.234549
106.153304,0.0,0.0,200,120101.53708
104.998547,0.0,0.0,200,120186.339188
101.040282,0.0,0.0,200,120271.843758
103.472384,0.0,0.0,200,120356.93522
105.29212,0.0,0.0,200,120441.861202
111.1568,0.0,0.0,200,120528.208917
111.381817,0.0,0.0,200,120614.003201
106.279437,0.005,0.005,200,120699.665795
106.333835,0.0,0.0,200,120787.426958
106.528457,0.0,0.0,200,120872.317411
105.676293,0.0,0.0,200,120956.800311
106.120643,0.0,0.0,200,121042.505057
111.184107,0.0,0.0,200,121129.323548
104.830381,0.0,0.0,200,121214.331401
102.73123,0.0,0.0,200,121300.904305
110.902874,0.0,0.0,200,121384.904446
108.085257,0.0,0.0,200,121469.733009
109.02203,0.0,0.0,200,121553.828533
105.07006,0.0,0.0,200,121640.525215
110.957148,0.0,0.0,200,121723.92422
110.249277,0.0,0.0,200,121809.128613
89.43733,0.01,0.025,200,121893.934898
104.352,0.0,0.0,200,121978.121161
111.005144,0.0,0.0,200,122063.041915
106.046912,0.0,0.0,200,122147.802775
102.862951,0.0,0.0,200,122231.23675
103.023968,0.0,0.0,200,122316.739615
105.486515,0.0,0.0,200,122400.324795
110.982563,0.0,0.0,200,122488.117032
106.58861,0.005,0.005,200,122571.356951
104.928804,0.0,0.0,200,122657.603757
105.965326,0.03,0.035,200,122743.349939
109.867004,0.02,0.02,200,122827.934771
104.189003,0.0,0.0,200,122912.843643
105.358885,0.02,0.12,200,122999.433863
103.966195,0.0,0.0,200,123083.73643
104.680767,0.0,0.0,200,123168.620362
110.480507,0.0,0.0,200,123253.722968
108.658398,0.0,0.0,200,123338.019126
109.132112,0.0,0.0,200,123425.520992
106.04034,0.0,0.0,200,123511.963663
106.946487,0.0,0.0,200,123599.239926
109.191681,0.0,0.0,200,123685.530225
111.626929,0.0,0.0,200,123772.508997
104.971415,0.0,0.0,200,123859.211899
109.903034,0.0,0.0,200,123945.600118
108.047295,0.0,0.0,200,124033.627778
107.475647,0.0,0.0,200,124121.63569
108.272264,0.0,0.0,200,124210.617574
102.377005,0.0,0.0,200,124300.949316
108.197735,0.0,0.0,200,124391.023661
103.199906,0.0,0.0,200,124477.937576
103.532364,0.0,0.0,200,124565.704645
104.271416,0.0,0.0,200,124653.834014
106.528046,0.0,0.0,200,124740.808636
107.246129,0.0,0.0,200,124827.645783
111.699698,0.0,0.0,200,124914.128384
112.75752,0.0,0.0,200,125000.529073
105.921175,0.0,0.0,200,125086.999336
101.692283,0.0,0.0,200,125177.703362
106.483057,0.0,0.0,200,125263.738342
110.743985,0.0,0.0,200,125349.928387
107.78154,0.0,0.0,200,125437.628792
105.312365,0.0,0.0,200,125525.667197
105.728347,0.01,0.01,200,125614.445309
106.201996,0.0,0.0,200,125702.517983
104.171991,0.0,0.0,200,125789.415455
110.876652,0.0,0.0,200,125875.0287
105.422303,0.0,0.0,200,125962.928376
105.37502,0.0,0.0,200,126055.211465
104.556142,0.0,0.0,200,126142.440009
104.389234,0.0,0.0,200,126231.818924
101.777147,0.0,0.0,200,126320.229003
104.067517,0.0,0.0,200,126407.548878
110.801377,0.0,0.0,200,126497.402839
108.729114,0.0,0.0,200,126582.63989
105.716733,0.0,0.0,200,126670.430989
105.785431,0.0,0.0,200,126756.809754
105.110774,0.0,0.0,200,126845.127576
105.797299,0.0,0.0,200,126932.818674
107.019429,0.005,0.005,200,127024.041819
112.042476,0.0,0.0,200,127111.104171
106.642684,0.0,0.0,200,127196.968744
105.715612,0.0,0.0,200,127283.804588
110.142228,0.0,0.0,200,127369.73066
111.746805,0.0,0.0,200,127456.014089
111.947383,0.0,0.0,200,127543.433053
105.651295,0.0,0.0,200,127630.731163
101.889093,0.0,0.0,200,127717.079007
111.257465,0.0,0.0,200,127803.316915
106.304883,0.0,0.0,200,127893.415697
111.199295,0.0,0.0,200,127980.028279
106.654327,0.0,0.0,200,128066.909266
104.508462,0.0,0.0,200,128154.924722
108.209508,0.0,0.0,200,128240.837129
105.768285,0.0,0.0,200,128328.626339
111.681042,0.0,0.0,200,128415.02008
106.363203,0.0,0.0,200,128503.042311
110.555132,0.0,0.0,200,128591.109794
110.885901,0.0,0.0,200,128678.624752
106.294607,0.0,0.0,200,128770.539011
106.992163,0.0,0.0,200,128857.134115
106.637249,0.0,0.0,200,128944.570798
109.056152,0.0,0.0,200,129031.403595
105.664002,0.0,0.0,200,129117.720359
111.968975,0.0,0.0,200,129204.232851
112.04876,0.0,0.0,200,129290.830898
106.469528,0.0,0.0,200,129378.222668
105.569197,0.0,0.0,200,129466.03377
104.716122,0.0,0.0,200,129553.438055
104.396406,0.0,0.0,200,129644.527761
109.095113,0.0,0.0,200,129732.249013
105.643884,0.0,0.0,200,129819.112947
106.111019,0.0,0.0,200,129905.824305
110.9789,0.0,0.0,200,129994.029252
105.26878,0.0,0.0,200,130081.138884
110.622467,0.0,0.0,200,130168.517626
107.332116,0.0,0.0,200,130256.032321
108.289255,0.0,0.0,200,130343.921014
109.745368,0.0,0.0,200,130432.840149
105.722518,0.0,0.0,200,130521.002512
110.309741,0.0,0.0,200,130611.804085
110.639823,0.0,0.0,200,130699.722025
105.060639,0.0,0.0,200,130788.843518
105.754613,0.0,0.0,200,130879.23875
106.267513,0.0,0.0,200,130968.156507
110.894867,0.0,0.0,200,131056.418839
104.962882,0.0,0.0,200,131146.514148
111.070574,0.0,0.0,200,131235.703352
107.42405,0.0,0.0,200,131324.126414
103.981215,0.0,0.0,200,131413.703997
107.205024,0.0,0.0,200,131506.341323
105.674883,0.0,0.0,200,131594.42326
102.986739,0.0,0.0,200,131682.713989
109.228852,0.0,0.0,200,131771.708553
105.569547,0.0,0.0,200,131860.306693
103.005545,0.0,0.0,200,131948.523285
105.036676,0.0,0.0,200,132038.821818
106.935575,0.0,0.0,200,132127.418711
105.001642,0.0,0.0,200,132217.329225
103.189917,0.0,0.0,200,132307.201539
105.671872,0.0,0.0,200,132399.205806
110.061924,0.0,0.0,200,132488.104424
105.482163,0.0,0.0,200,132579.144926
104.184501,0.0,0.0,200,132668.429228
111.619375,0.0,0.0,200,132758.310029
104.021157,0.0,0.0,200,132847.037512
106.12562,0.0,0.0,200,132935.726493
109.572602,0.0,0.0,200,133025.942408
106.961918,0.0,0.0,200,133112.743148
106.309385,0.0,0.0,200,133201.430482
105.562987,0.0,0.0,200,133293.914885
111.232129,0.0,0.0,200,133382.333285
106.635092,0.0,0.0,200,133471.92441
101.790766,0.0,0.0,200,133560.337119
104.629425,0.0,0.0,200,133649.60398
106.21395,0.0,0.0,200,133737.716504
106.676112,0.0,0.0,200,133825.452798
106.523608,0.0,0.0,200,133913.136053
110.232822,0.0,0.0,200,134002.233825
105.384321,0.0,0.0,200,134090.554286
111.700256,0.0,0.0,200,134179.529217
106.026776,0.0,0.0,200,134270.41977
109.26381,0.0,0.0,200,134360.018207
111.574039,0.0,0.0,200,134448.731002
111.750353,0.0,0.0,200,134537.827875
105.25529,0.0,0.0,200,134627.021033
106.175899,0.0,0.0,200,134716.617528
110.658608,0.0,0.0,200,134805.612544
110.380893,0.0,0.0,200,134892.716306
103.083847,0.0,0.0,200,134981.636188
111.219015,0.0,0.0,200,135069.836121
102.673213,0.0,0.0,200,135160.96236
106.575254,0.0,0.0,200,135249.621947
109.393827,0.0,0.0,200,135336.307016
105.096391,0.0,0.0,200,135424.544645
106.179167,0.0,0.0,200,135511.808526
102.197552,0.0,0.0,200,135599.446648
107.43857,0.0,0.0,200,135687.706297
105.743234,0.0,0.0,200,135775.032589
107.437819,0.0,0.0,200,135862.637071
105.964916,0.0,0.0,200,135950.107096
104.965705,0.0,0.0,200,136041.934532
109.225436,0.0,0.0,200,136131.907259
113.207192,0.0,0.0,200,136219.808733
111.259176,0.0,0.0,200,136308.049638
113.214493,0.0,0.0,200,136395.616917
113.141092,0.0,0.0,200,136484.538828
107.396957,0.0,0.0,200,136574.004084
106.127941,0.0,0.0,200,136663.059672
106.991414,0.0,0.0,200,136750.328296
110.16512,0.0,0.0,200,136837.722135
112.198319,0.0,0.0,200,136930.117646
105.215746,0.0,0.0,200,137019.611822
108.017836,0.0,0.0,200,137107.7281
104.987651,0.0,0.0,200,137196.538845
103.977151,0.0,0.0,200,137284.707187
106.05801,0.0,0.0,200,137373.936337
108.44198,0.0,0.0,200,137463.336956
111.063263,0.0,0.0,200,137550.827636
103.243845,0.0,0.0,200,137638.651615
105.580581,0.0,0.0,200,137725.424234
104.335568,0.0,0.0,200,137816.502439
106.403615,0.0,0.0,200,137904.610394
106.135875,0.0,0.0,200,137992.821689
103.209819,0.0,0.0,200,138080.955564
108.03434,0.01,0.01,200,138169.511227
107.169046,0.0,0.0,200,138258.730965
109.890543,0.0,0.0,200,138349.804844
107.26156,0.0,0.0,200,138438.526846
113.010502,0.0,0.0,200,138527.226191
112.268094,0.0,0.0,200,138616.415205
113.012709,0.0,0.0,200,138704.904217
103.622743,0.0,0.0,200,138797.425973
107.908169,0.0,0.0,200,138887.23717
104.875902,0.055,0.07,200,138976.221099
108.546221,0.0,0.0,200,139065.116302
111.23169,0.0,0.0,200,139155.309434
109.985486,0.0,0.0,200,139245.014552
112.820757,0.0,0.0,200,139332.429106
109.943131,0.0,0.0,200,139420.823735
102.62426,0.0,0.0,200,139507.962549
106.2121,0.0,0.0,200,139595.233278
112.755742,0.0,0.0,200,139686.428354
104.685867,0.0,0.0,200,139774.23273
113.574124,0.0,0.0,200,139864.11147
106.540643,0.0,0.0,200,139952.01819
111.734077,0.0,0.0,200,140040.508082
107.661865,0.0,0.0,200,140127.204569
105.387521,0.0,0.0,200,140215.115324
107.201602,0.0,0.0,200,140302.417495
103.43254,0.0,0.0,200,140390.436898
110.685399,0.0,0.0,200,140479.618708
102.41993,0.0,0.0,200,140570.351026
107.435772,0.005,0.005,200,140659.443727
107.497261,0.0,0.0,200,140747.902904
102.355245,0.0,0.0,200,140835.9514
109.882426,0.0,0.0,200,140923.716672
107.935117,0.005,0.005,200,141011.538189
112.403386,0.0,0.0,200,141099.62121
106.988188,0.0,0.0,200,141188.71938
109.182549,0.0,0.0,200,141277.111815
107.030942,0.0,0.0,200,141364.109161
104.906343,0.0,0.0,200,141455.931686
106.577194,0.0,0.0,200,141543.32462
112.167178,0.0,0.0,200,141631.007821
106.93925,0.005,0.005,200,141722.733358
111.827899,0.0,0.0,200,141811.104892
103.367113,0.0,0.0,200,141901.648252
112.926091,0.0,0.0,200,141988.404036
103.78391,0.01,0.01,200,142078.927436
104.775784,0.0,0.0,200,142167.331338
105.427975,0.0,0.0,200,142256.837161
112.170877,0.0,0.0,200,142346.326446
111.72941,0.0,0.0,200,142439.128954
111.731374,0.0,0.0,200,142528.027645
102.532829,0.0,0.0,200,142616.144912
108.687125,0.0,0.0,200,142705.301944
112.35485,0.0,0.0,200,142792.82186
104.354557,0.0,0.0,200,142881.12183
107.962547,0.0,0.0,200,142970.93919
106.02014,0.0,0.0,200,143060.523367
113.204331,0.0,0.0,200,143150.104808
111.620025,0.0,0.0,200,143238.93042
111.511886,0.0,0.0,200,143332.015417
104.669514,0.0,0.0,200,143421.016217
109.586491,0.0,0.0,200,143510.002069
106.921814,0.0,0.0,200,143597.818364
106.330967,0.015,0.02,200,143686.609503
109.020865,0.0,0.0,200,143776.916172
107.078533,0.0,0.0,200,143866.013394
106.253003,0.005,0.005,200,143955.21466
108.045312,0.0,0.0,200,144044.040364
111.480411,0.0,0.0,200,144132.411293
107.027433,0.0,0.0,200,144226.327984
104.301846,0.0,0.0,200,144315.532107
106.682253,0.0,0.0,200,144404.227327
104.157754,0.045,0.05,200,144492.955862
105.959773,0.0,0.0,200,144582.133557
113.51628,0.0,0.0,200,144671.717034
109.909579,0.02,0.02,200,144761.034248
107.567766,0.0,0.0,200,144850.499297
106.277254,0.0,0.0,200,144939.508521
112.636909,0.0,0.0,200,145028.510084
109.952497,0.0,0.0,200,145119.641147
107.528307,0.0,0.0,200,145210.231149
107.019972,0.0,0.0,200,145300.138704
108.458034,0.0,0.0,200,145389.403438
111.796996,0.0,0.0,200,145478.815337
106.400568,0.075,0.1,200,145567.604085
110.374404,0.0,0.0,200,145655.332191
117.323045,0.06,0.06,200,145744.335554
106.528387,0.0,0.0,200,145833.412529
106.37112,0.0,0.0,200,145923.622011
109.011781,0.0,0.0,200,146012.311746
108.704794,0.0,0.0,200,146104.12922
111.48335,0.0,0.0,200,146192.023233
108.656374,0.0,0.0,200,146282.104365
106.226328,0.0,0.0,200,146371.137392
105.477628,0.0,0.0,200,146460.619707
111.615195,0.0,0.0,200,146549.913585
105.57623,0.0,0.0,200,146639.305282
106.813097,0.0,0.0,200,146728.534734
107.880174,0.0,0.0,200,146816.806341
109.770286,0.0,0.0,200,146907.528827
108.227172,0.065,0.1,200,146999.503917
112.546258,0.0,0.0,200,147090.92315
108.442412,0.0,0.0,200,147180.105033
111.036587,0.0,0.0,200,147268.408655
111.144297,0.0,0.0,200,147357.016651
102.524537,0.045,0.08,200,147445.527128
109.344644,0.0,0.0,200,147535.125257
108.053832,0.0,0.0,200,147624.733991
108.12507,0.0,0.0,200,147713.913227
102.860393,0.085,0.1,200,147803.229681
112.613944,0.0,0.0,200,147895.129406
109.996292,0.0,0.0,200,147984.534026
103.502714,0.055,0.06,200,148074.047212
112.384942,0.0,0.0,200,148162.020166
108.587391,0.0,0.0,200,148251.543411
109.417602,0.0,0.0,200,148340.704442
105.755813,0.0,0.0,200,148431.320219
105.789998,0.0,0.0,200,148521.542064
102.731831,0.005,0.005,200,148612.240485
111.114708,0.0,0.0,200,148700.701187
105.625637,0.0,0.0,200,148793.836911
107.169922,0.0,0.0,200,148883.519067
106.252111,0.0,0.0,200,148971.139201
109.282054,0.0,0.0,200,149059.322114
105.566825,0.0,0.0,200,149146.222344
109.320437,0.0,0.0,200,149234.424449
109.974614,0.0,0.0,200,149324.216843
107.915773,0.0,0.0,200,149413.422746
104.721819,0.0,0.0,200,149501.612232
111.265529,0.0,0.0,200,149589.701947
106.824111,0.0,0.0,200,149679.048886
103.534895,0.0,0.0,200,149774.83467
112.693175,0.0,0.0,200,149867.029736
103.556914,0.0,0.0,200,149958.20462
112.643891,0.0,0.0,200,150052.819453
111.630241,0.0,0.0,200,150149.41668
108.518797,0.0,0.0,200,150248.242363
106.587598,0.09,0.11,200,150345.734856
104.46862,0.0,0.0,200,150446.023278
107.094424,0.0,0.0,200,150545.003102
104.336612,0.0,0.0,200,150643.938728
112.425581,0.0,0.0,200,150744.930496
107.718343,0.0,0.0,200,150838.027358
107.690161,0.0,0.0,200,150926.506904
105.913683,0.0,0.0,200,151013.02741
107.207757,0.0,0.0,200,151101.131328
105.589361,0.0,0.0,200,151190.311398
110.562197,0.0,0.0,200,151279.606553
110.465613,0.0,0.0,200,151369.130819
107.649571,0.0,0.0,200,151457.337527
108.451618,0.0,0.0,200,151544.622351
109.170513,0.0,0.0,200,151636.230516
110.110972,0.0,0.0,200,151724.606664
113.224523,0.0,0.0,200,151810.919222
106.877277,0.0,0.0,200,151898.207744
110.892058,0.0,0.0,200,151985.925611
112.387255,0.0,0.0,200,152072.435178
112.092072,0.0,0.0,200,152160.532454
106.84594,0.0,0.0,200,152247.705494
107.575725,0.0,0.0,200,152335.137959
112.259408,0.0,0.0,200,152422.524792
113.18672,0.05,0.05,200,152512.339609
104.269919,0.01,0.01,200,152601.539767
112.759839,0.0,0.0,200,152689.130571
108.091397,0.0,0.0,200,152777.32563
106.947525,0.0,0.0,200,152866.26845
110.923489,0.0,0.0,200,152952.406444
108.370491,0.0,0.0,200,153040.904674
106.829644,0.0,0.0,200,153127.103875
108.671877,0.0,0.0,200,153214.332708
105.917141,0.0,0.0,200,153301.604251
106.962777,0.0,0.0,200,153388.004212
111.11455,0.0,0.0,200,153479.018651
105.19637,0.0,0.0,200,153567.30859
109.100005,0.015,0.015,200,153657.023732
106.243036,0.0,0.0,200,153744.733644
108.725514,0.0,0.0,200,153833.137531
108.506031,0.005,0.005,200,153921.934762
108.048239,0.06,0.09,200,154010.049719
108.408866,0.0,0.0,200,154099.72275
109.637189,0.0,0.0,200,154186.940022
110.747691,0.0,0.0,200,154276.835092
104.591881,0.005,0.005,200,154368.462
108.969163,0.015,0.015,200,154458.426636
106.72271,0.0,0.0,200,154547.425525
111.468929,0.0,0.0,200,154635.808312
105.622552,0.01,0.01,200,154725.214489
112.703348,0.04,0.04,200,154813.657613
108.373522,0.0,0.0,200,154901.91028
110.956774,0.0,0.0,200,154991.304816
106.138335,0.0,0.0,200,155080.83833
110.784249,0.0,0.0,200,155169.120504
110.443863,0.0,0.0,200,155260.632115
107.961129,0.0,0.0,200,155349.328178
109.131455,0.01,0.01,200,155438.435842
111.659978,0.0,0.0,200,155525.512631
111.60167,0.0,0.0,200,155615.002121
105.883818,0.0,0.0,200,155704.731182
106.488747,0.0,0.0,200,155793.247533
111.878771,0.0,0.0,200,155883.021368
104.601131,0.0,0.0,200,155971.634426
108.861478,0.0,0.0,200,156059.539347
106.170793,0.0,0.0,200,156152.214299
110.125975,0.0,0.0,200,156239.903299
108.233782,0.0,0.0,200,156327.632864
108.322077,0.0,0.0,200,156413.563346
105.117048,0.0,0.0,200,156501.109401
105.699497,0.0,0.0,200,156588.603832
110.556545,0.0,0.0,200,156675.236527
110.67067,0.05,0.05,200,156762.516877
107.458561,0.005,0.005,200,156850.14169
109.524604,0.03,0.03,200,156937.122279
111.1063,0.0,0.0,200,157024.333373
112.609487,0.0,0.0,200,157113.71604
115.601641,0.085,0.105,200,157200.95605
110.041797,0.0,0.0,200,157288.409517
115.85162,0.075,0.09,200,157377.961321
107.5944,0.0,0.0,200,157464.746547
110.013232,0.0,0.0,200,157552.139164
108.297856,0.0,0.0,200,157639.509239
112.599545,0.0,0.0,200,157727.213789
105.105321,0.0,0.0,200,157815.343393
111.196296,0.0,0.0,200,157901.204333
108.103061,0.0,0.0,200,157992.122458
112.862495,0.035,0.035,200,158079.147325
109.496926,0.08,0.125,200,158167.950798
105.390677,0.0,0.0,200,158255.40996
110.427106,0.0,0.0,200,158343.825422
110.970412,0.0,0.0,200,158433.202228
114.505443,0.05,0.05,200,158522.24575
105.341727,0.0,0.0,200,158611.638424
111.199426,0.0,0.0,200,158701.399323
108.916804,0.0,0.0,200,158791.617531
132.50445,0.125,0.125,200,158882.308813
110.01783,0.0,0.0,200,158970.134032
112.294654,0.0,0.0,200,159056.42985
118.379499,0.08,0.09,200,159144.148896
122.313969,0.11,0.145,200,159232.678857
106.335444,0.0,0.0,200,159320.327888
105.497603,0.0,0.0,200,159407.639744
110.824213,0.0,0.0,200,159496.229507
110.866892,0.0,0.0,200,159584.631708
110.115992,0.0,0.0,200,159672.437808
106.592769,0.015,0.015,200,159764.753824
104.036627,0.0,0.0,200,159853.822169
110.676456,0.0,0.0,200,159941.61625
115.500688,0.075,0.12,200,160029.358041
108.296511,0.0,0.0,200,160117.226618
112.376541,0.0,0.0,200,160204.002886
137.529701,0.15,0.15,200,160293.405075
117.107243,0.075,0.075,200,160382.158999
110.038267,0.0,0.0,200,160471.331196
111.803096,0.0,0.0,200,160561.858168
113.565047,0.0,0.0,200,160654.402727
105.058184,0.0,0.0,200,160743.104837
112.729159,0.01,0.01,200,160831.356659
108.892165,0.0,0.0,200,160919.823116
104.62993,0.0,0.0,200,161007.931456
108.476396,0.0,0.0,200,161097.337722
109.16862,0.005,0.005,200,161185.539251
105.064265,0.0,0.0,200,161274.202369
116.039754,0.035,0.035,200,161361.611126
140.491155,0.165,0.165,200,161451.518629
106.529177,0.0,0.0,200,161540.014432
110.522339,0.0,0.0,200,161631.228229
109.364556,0.0,0.0,200,161719.420698
104.61578,0.0,0.0,200,161806.816072
108.449202,0.025,0.025,200,161895.31082
102.938892,0.0,0.0,200,161984.218012
105.34516,0.0,0.0,200,162070.83599
107.351916,0.0,0.0,200,162158.017909
110.243587,0.0,0.0,200,162245.032229
111.28239,0.0,0.0,200,162333.325332
111.249641,0.0,0.0,200,162420.419427
115.394368,0.07,0.07,200,162509.659794
110.210719,0.0,0.0,200,162595.837278
109.401613,0.0,0.0,200,162683.456427
112.174044,0.0,0.0,200,162768.906298
110.161066,0.0,0.0,200,162855.717776
123.851416,0.12,0.145,200,162943.003159
105.148135,0.0,0.0,200,163030.123391
106.034652,0.0,0.0,200,163117.418662
116.078248,0.07,0.085,200,163204.844819
112.339011,0.0,0.0,200,163291.80677
110.376743,0.0,0.0,200,163381.71881
104.978106,0.0,0.0,200,163467.119662
118.028493,0.05,0.05,200,163554.359136
106.582362,0.02,0.02,200,163640.906524
111.867684,0.0,0.0,200,163727.234375
111.020656,0.0,0.0,200,163813.509824
105.725611,0.0,0.0,200,163900.240383
102.288845,0.0,0.0,200,163987.53418
111.723218,0.0,0.0,200,164074.212306
109.453819,0.05,0.055,200,164161.144345
102.07348,0.0,0.0,200,164252.531176
114.687093,0.04,0.04,200,164339.8364
107.111288,0.0,0.0,200,164428.316287
106.449125,0.0,0.0,200,164518.312583
108.190554,0.03,0.03,200,164607.133703
100.642931,0.005,0.005,200,164695.424579
112.424634,0.02,0.035,200,164783.631313
109.327525,0.0,0.0,200,164872.840647
115.490804,0.08,0.09,200,164960.01002
111.613554,0.0,0.0,200,165051.823014
109.946854,0.0,0.0,200,165141.902211
109.981924,0.0,0.0,200,165234.125904
108.423959,0.01,0.015,200,165323.549432
112.509645,0.0,0.0,200,165413.019286
106.550032,0.01,0.01,200,165502.137563
119.269985,0.06,0.095,200,165593.14868
110.318949,0.0,0.0,200,165681.204773
104.639255,0.0,0.0,200,165770.207495
110.51264,0.0,0.0,200,165859.516021
116.332717,0.085,0.085,200,165948.030402
109.213865,0.0,0.0,200,166037.110029
110.627554,0.0,0.0,200,166129.80371
111.586528,0.045,0.045,200,166220.247632
110.276942,0.0,0.0,200,166309.119227
105.724565,0.0,0.0,200,166399.74138
102.087467,0.015,0.015,200,166489.221069
111.812109,0.0,0.0,200,166578.619476
107.32915,0.005,0.005,200,166669.223113
111.12391,0.0,0.0,200,166759.83201
110.528366,0.0,0.0,200,166849.117478
108.260826,0.015,0.015,200,166937.637612
108.17124,0.03,0.03,200,167031.845899
110.91886,0.0,0.0,200,167122.044608
112.106743,0.0,0.0,200,167210.615792
108.431746,0.0,0.0,200,167299.636117
110.359163,0.055,0.055,200,167389.863534
109.231996,0.015,0.015,200,167480.246109
109.313424,0.0,0.0,200,167569.942975
109.850397,0.0,0.0,200,167660.135529
111.861359,0.0,0.0,200,167752.334249
106.172517,0.0,0.0,200,167841.06805
113.00851,0.035,0.035,200,167934.033126
127.225646,0.14,0.14,200,168024.958042
113.610499,0.07,0.07,200,168116.041274
113.242065,0.0,0.0,200,168205.124962
108.050309,0.02,0.03,200,168295.137075
109.044901,0.0,0.0,200,168386.426294
108.991908,0.0,0.0,200,168475.625085
127.33623,0.09,0.15,200,168567.11408
105.795273,0.02,0.02,200,168657.031794
110.097727,0.0,0.0,200,168748.92439
110.416558,0.0,0.0,200,168837.93205
109.836154,0.0,0.0,200,168931.632814
113.331689,0.0,0.0,200,169021.9028
110.372286,0.03,0.03,200,169111.440634
111.174467,0.0,0.0,200,169202.216955
107.650778,0.0,0.0,200,169291.72051
111.913952,0.05,0.065,200,169380.643947
108.27754,0.025,0.025,200,169470.937515
111.905218,0.0,0.0,200,169560.506554
114.875283,0.05,0.05,200,169649.81232
108.847037,0.0,0.0,200,169741.920503
111.10817,0.0,0.0,200,169833.70348
112.181004,0.0,0.0,200,169924.419231
111.258669,0.0,0.0,200,170013.621843
120.627729,0.09,0.095,200,170104.430851
107.220083,0.0,0.0,200,170193.741436
105.452736,0.0,0.0,200,170283.532868
117.772957,0.035,0.065,200,170372.734731
104.304372,0.0,0.0,200,170462.634926
109.343273,0.0,0.0,200,170552.613758
107.11744,0.0,0.0,200,170642.62207
107.653527,0.0,0.0,200,170736.804328
111.514563,0.0,0.0,200,170824.508195
105.563268,0.0,0.0,200,170915.607659
107.108075,0.0,0.0,200,171006.615392
109.469162,0.0,0.0,200,171097.603341
112.435959,0.055,0.075,200,171186.827196
109.128354,0.0,0.0,200,171276.617306
108.719637,0.0,0.0,200,171365.130943
109.558955,0.0,0.0,200,171454.424256
108.455203,0.0,0.0,200,171545.817756
122.792695,0.115,0.115,200,171639.263967
110.305295,0.0,0.0,200,171728.128306
109.079578,0.035,0.035,200,171818.54802
107.587441,0.0,0.0,200,171908.34918
111.848537,0.0,0.0,200,171998.420781
110.157117,0.0,0.0,200,172088.214907
110.871452,0.0,0.0,200,172179.806365
125.724705,0.135,0.14,200,172269.739269
117.878607,0.08,0.08,200,172360.339615
111.998021,0.0,0.0,200,172451.423745
106.009306,0.025,0.045,200,172541.752836
127.644393,0.16,0.16,200,172637.346575
111.376434,0.0,0.0,200,172729.930196
105.61253,0.035,0.055,200,172820.803548
108.522053,0.0,0.0,200,172910.736004
110.132601,0.0,0.0,200,173000.903832
107.935095,0.02,0.02,200,173091.350896
110.586152,0.0,0.0,200,173180.029691
123.983079,0.085,0.12,200,173272.011106
114.677122,0.065,0.065,200,173363.240027
110.466653,0.0,0.0,200,173454.329249
110.321903,0.0,0.0,200,173547.132329
109.692537,0.0,0.0,200,173637.704364
110.530349,0.0,0.0,200,173728.011002
110.12404,0.0,0.0,200,173819.420912
102.524613,0.0,0.0,200,173909.257544
118.107978,0.085,0.085,200,174000.457676
111.897417,0.0,0.0,200,174090.936287
112.390546,0.0,0.0,200,174179.732647
109.547009,0.045,0.045,200,174270.630754
106.880669,0.015,0.015,200,174359.121682
106.306189,0.005,0.005,200,174453.736481
108.806967,0.0,0.0,200,174543.227729
104.570885,0.01,0.01,200,174632.667181
110.649036,0.05,0.055,200,174720.991883
108.326137,0.045,0.045,200,174810.743099
106.388758,0.0,0.0,200,174903.437839
107.036959,0.0,0.0,200,174995.728177
110.168292,0.0,0.0,200,175085.522532
109.378089,0.0,0.0,200,175176.419875
104.305653,0.015,0.015,200,175268.502964
107.279128,0.0,0.0,200,175361.930199
108.705708,0.03,0.035,200,175453.958859
142.095467,0.23,0.23,200,175545.763649
103.612397,0.0,0.0,200,175635.21441
114.17745,0.055,0.055,200,175725.04788
114.02669,0.06,0.065,200,175815.056196
111.640748,0.045,0.05,200,175904.060562
112.260755,0.035,0.05,200,175994.653813
103.985293,0.0,0.0,200,176085.207648
115.75422,0.115,0.115,200,176175.92735
106.451409,0.0,0.0,200,176265.816244
102.933484,0.015,0.015,200,176358.57282
110.70158,0.035,0.05,200,176448.156018
115.042763,0.065,0.065,200,176537.616069
106.335754,0.0,0.0,200,176627.837463
119.028253,0.075,0.075,200,176718.418524
106.134366,0.0,0.0,200,176807.23801
110.746669,0.0,0.0,200,176896.127377
110.511474,0.0,0.0,200,176985.931169
112.794243,0.04,0.04,200,177075.838065
109.521592,0.0,0.0,200,177166.229237
110.896227,0.0,0.0,200,177258.312455
106.992222,0.02,0.02,200,177348.345438
109.921945,0.0,0.0,200,177438.632121
108.875352,0.0,0.0,200,177527.932255
130.122432,0.125,0.155,200,177617.404488
